weekday,rank,webtoon_title,webtoon_author,webtoon_title_id,webtoon_url,series_product_no,series_title,series_title_raw,series_episode_info,series_total_episode_count,series_completion_status,series_author,series_author_raw,series_url,match_status,download_status,series_result_text,weekday_list,weekday_row_count,serial_weekdays,serial_weekday_count,pre_collect_weekdays,post_24h_collect_weekdays,is_download_collectable,release_weekday,release_weekday_ko,pre_collect_weekday,post_24h_collect_weekday,release_event_key,collection_context,target_reason,series_download_text,series_download_count,current_url,snapshot_id,snapshot_weekday,snapshot_weekday_ko,snapshot_started_at_kst,snapshot_date_kst,snapshot_time_kst,item_collect_started_at_kst,item_collect_finished_at_kst,item_collect_elapsed_seconds,collected_at_kst,collected_date_kst,collected_time_kst,snapshot_finished_at_kst,snapshot_elapsed_seconds,baseline_found,baseline_snapshot_id,baseline_collected_at_kst,baseline_download_text,baseline_download_count,download_increase,download_increase_rate,dt
sun,57,경자 전성시대,김호드,769658,https://comic.naver.com/webtoon/list?titleId=769658&tab=sun,6451484,경자 전성시대,경자 전성시대 (총 252화/미완결),총 252화/미완결,252.0,미완결,,,https://series.naver.com/comic/detail.series?productNo=6451484,matched,ok,"경자 전성시대 (총 252화/미완결)
평점
9.7 | 김호드 김호드 | 2026.06.06. | 총252화/미완결 | 249화 무료
<연애의 정령> 김호드 작가 신작. 남들보다 강한 그녀, 육경자가 돌아왔다!!연인과 헤어지고 취업도 번번이 실패하며 힘든 하루를 보내던 경자는 더 쉴드라는 대기업으로부터 스카우트 제안을 받게 된다.학벌도 빽(?)도 없는 ..",sun,1,sun,1,sat,sun,True,sun,일,sat,sun,6451484_sun,post_24h,어제 밤 10시 공개 이후 증가분 확인용 수집,305.9만,3059000.0,https://series.naver.com/comic/detail.series?productNo=6451484,20260823_164303,sun,일,2026-08-23 16:43:03,2026-08-23,16:43:03,2026-08-23 16:51:22,2026-08-23 16:51:24,2.51,2026-08-23 16:51:24,2026-08-23,16:51:24,2026-08-23 16:58:52,949.06,True,20260822_164006,2026-08-22 16:40:21,305.7만,3057000.0,2000.0,0.0006542361792607131,2026-08-23 16:51:24
sun,37,위닝샷!,강견,778578,https://comic.naver.com/webtoon/list?titleId=778578&tab=sun,6593832,위닝샷!,위닝샷! (총 182화/미완결),총 182화/미완결,182.0,미완결,,,https://series.naver.com/comic/detail.series?productNo=6593832,matched,ok,"위닝샷! (총 182화/미완결)
평점
9.4 | 강견 시바견 | 2026.06.07. | 총182화/미완결 | 178화 무료
야구를 할 수 있는 조건이라면 팀의 패전조 역할도 마다하지 않는 투수 '안시윤'. 초라한 성적으로 중학교 선수 생활을 이어왔던 그는 상대팀의 포수 '백태오'와의 만남을 계기로 야구 인생이 송두리째 바뀌기 시작한다. 고교야..",sun,1,sun,1,sat,sun,True,sun,일,sat,sun,6593832_sun,post_24h,어제 밤 10시 공개 이후 증가분 확인용 수집,863.9만,8639000.0,https://series.naver.com/comic/detail.series?productNo=6593832,20260823_164303,sun,일,2026-08-23 16:43:03,2026-08-23,16:43:03,2026-08-23 16:51:25,2026-08-23 16:51:28,2.73,2026-08-23 16:51:28,2026-08-23,16:51:28,2026-08-23 16:58:52,949.06,True,20260822_164006,2026-08-22 16:40:25,863.6만,8636000.0,3000.0,0.0003473830477072719,2026-08-23 16:51:28
sun,10,일타강사 백사부,사내,779632,https://comic.naver.com/webtoon/list?titleId=779632&tab=sun,6698881,일타강사 백사부 [독점],일타강사 백사부 [독점] (총 154화/미완결),총 154화/미완결,154.0,미완결,"사내, 오름, 간짜장 드로우웨이즈","평점 9.8 | 사내, 오름, 간짜장 드로우웨이즈 | 2026.07.11. | 총154화/미완결 | 149화 무료",https://series.naver.com/comic/detail.series?productNo=6698881,matched,ok,"일타강사 백사부 [독점] (총 154화/미완결)
평점
9.8 | 사내, 오름, 간짜장 드로우웨이즈 | 2026.07.11. | 총154화/미완결 | 149화 무료
혈교 최고의 무공 교관, 시골 무관의 사부로 환생하다. 정파 무림의 일타강사가 되기로 결심한 백사부... 이제 그가 전 무림을 참교육한다! ⓒJC미디어",sun,1,sun,1,sat,sun,True,sun,일,sat,sun,6698881_sun,post_24h,어제 밤 10시 공개 이후 증가분 확인용 수집,"1,806만",18060000.0,https://series.naver.com/comic/detail.series?productNo=6698881,20260823_164303,sun,일,2026-08-23 16:43:03,2026-08-23,16:43:03,2026-08-23 16:51:29,2026-08-23 16:51:31,2.12,2026-08-23 16:51:31,2026-08-23,16:51:31,2026-08-23 16:58:52,949.06,True,20260822_164006,2026-08-22 16:40:29,"1,804만",18040000.0,20000.0,0.0011086474501108647,2026-08-23 16:51:31
sun,31,장풍전,신영우,789966,https://comic.naver.com/webtoon/list?titleId=789966&tab=sun,8174901,장풍전,장풍전 (총 229화/미완결),총 229화/미완결,229.0,미완결,,,https://series.naver.com/comic/detail.series?productNo=8174901,matched,ok,"장풍전 (총 229화/미완결)
평점
9.6 | 신영우 신영우 | 2026.06.06. | 총229화/미완결 | 224화 무료
세상 모두가 내공을 가질 수 있는 시대.아직까진 고수라는 존재의 의미가 없지만,세상 한켠에선 옛 고서나 체계적인 연구로 인해 인간의 능력을 월등히뛰어넘는 고수들이 만들어지고 있다.세상에 공개된 내공수련법 이외에 ..",sun,1,sun,1,sat,sun,True,sun,일,sat,sun,8174901_sun,post_24h,어제 밤 10시 공개 이후 증가분 확인용 수집,436.7만,4367000.0,https://series.naver.com/comic/detail.series?productNo=8174901,20260823_164303,sun,일,2026-08-23 16:43:03,2026-08-23,16:43:03,2026-08-23 16:51:32,2026-08-23 16:51:35,2.6,2026-08-23 16:51:35,2026-08-23,16:51:35,2026-08-23 16:58:52,949.06,True,20260822_164006,2026-08-22 16:40:32,436.4만,4364000.0,3000.0,0.000687442713107241,2026-08-23 16:51:35
thu,3,육아일기,자까,812354,https://comic.naver.com/webtoon/list?titleId=812354&tab=thu,9901643,육아일기,육아일기 (총 236화/미완결),총 236화/미완결,236.0,미완결,,,https://series.naver.com/comic/detail.series?productNo=9901643,matched,ok,"육아일기 (총 236화/미완결)
평점
9.8 | 자까 자까 | 2026.06.06. | 총236화/미완결 | 231화 무료
이젠 갠플이 아니라 팀플이다! 조별 과제와 차원이 다른 인생을 건 팀플이 시작된다. 1인가구에서 2인가구로 성장한 자까 작가의 결혼 이야기.","thu,sun",2,"thu,sun",2,"wed,sat","thu,sun",True,sun,일,sat,sun,9901643_sun,post_24h,어제 밤 10시 공개 이후 증가분 확인용 수집,"2,119만",21190000.0,https://series.naver.com/comic/detail.series?productNo=9901643,20260823_164303,sun,일,2026-08-23 16:43:03,2026-08-23,16:43:03,2026-08-23 16:51:37,2026-08-23 16:51:39,2.43,2026-08-23 16:51:39,2026-08-23,16:51:39,2026-08-23 16:58:52,949.06,True,20260822_164006,2026-08-22 16:40:35,"2,118만",21180000.0,10000.0,0.00047214353163361664,2026-08-23 16:51:39
sun,13,아카데미의 천재칼잡이,시치,813564,https://comic.naver.com/webtoon/list?titleId=813564&tab=sun,10002986,아카데미의 천재칼잡이,아카데미의 천재칼잡이 (총 139화/미완결),총 139화/미완결,139.0,미완결,,,https://series.naver.com/comic/detail.series?productNo=10002986,matched,ok,"아카데미의 천재칼잡이 (총 139화/미완결)
평점
9.9 | 서관도 시치 | 2026.06.06. | 총139화/미완결 | 134화 무료
후회로 점철된 채 끝나버린 삶. 우연히 찾아온 두 번째 기회. 세상을 구하기 위한 로난의 모험이 시작된다.",sun,1,sun,1,sat,sun,True,sun,일,sat,sun,10002986_sun,post_24h,어제 밤 10시 공개 이후 증가분 확인용 수집,"1,051만",10510000.0,https://series.naver.com/comic/detail.series?productNo=10002986,20260823_164303,sun,일,2026-08-23 16:43:03,2026-08-23,16:43:03,2026-08-23 16:51:40,2026-08-23 16:51:42,1.69,2026-08-23 16:51:42,2026-08-23,16:51:42,2026-08-23 16:58:52,949.06,True,20260822_164006,2026-08-22 16:40:38,"1,050만",10500000.0,10000.0,0.0009523809523809524,2026-08-23 16:51:42
sun,24,용사보다 너무 강해서 힘을 숨김,승한,814213,https://comic.naver.com/webtoon/list?titleId=814213&tab=sun,10074273,용사보다 너무 강해서 힘을 숨김,용사보다 너무 강해서 힘을 숨김 (총 125화/미완결),총 125화/미완결,125.0,미완결,,,https://series.naver.com/comic/detail.series?productNo=10074273,matched,ok,"용사보다 너무 강해서 힘을 숨김 (총 125화/미완결)
평점
9.3 | 승한 예림 | 2026.06.06. | 총125화/미완결 | 120화 무료
어릴 적부터 만화 속에 나오는 주인공보다평소에는 가벼워 보이지만 사실 누구보다 강한 '힘을 숨긴 캐릭터'가 멋있었다그리고 찾아온 전생의 기회!""새로운 세상에서 무엇이 되고 싶나요?""""힘숨찐이 되고 싶어!""...내가 바란 힘..",sun,1,sun,1,sat,sun,True,sun,일,sat,sun,10074273_sun,post_24h,어제 밤 10시 공개 이후 증가분 확인용 수집,662.8만,6628000.0,https://series.naver.com/comic/detail.series?productNo=10074273,20260823_164303,sun,일,2026-08-23 16:43:03,2026-08-23,16:43:03,2026-08-23 16:51:43,2026-08-23 16:51:45,1.8,2026-08-23 16:51:45,2026-08-23,16:51:45,2026-08-23 16:58:52,949.06,True,20260822_164006,2026-08-22 16:40:42,662.3만,6623000.0,5000.0,0.0007549448890231014,2026-08-23 16:51:45
sun,53,상사불상사,영하,814820,https://comic.naver.com/webtoon/list?titleId=814820&tab=sun,10120503,상사불상사 [독점],상사불상사 [독점] (총 125화/미완결),총 125화/미완결,125.0,미완결,,,https://series.naver.com/comic/detail.series?productNo=10120503,matched,ok,"상사불상사 [독점] (총 125화/미완결)
평점
10.0 | 영하 공사 | 2026.06.06. | 총125화/미완결 | 120화 무료
갑의 말에는 절대복종! 5년차 K-직장인 하은호의 신념이다.'빈틈없이 쌓아온 커리어만 있다면 연애는 안 해도 된다.'그런 그녀 앞에 어느 날 뚝 떨어진 낙하산 신입? 다시 흔들기 시작하는 과거 첫사랑? 이 불상사를 어떻게 해..",sun,1,sun,1,sat,sun,True,sun,일,sat,sun,10120503_sun,post_24h,어제 밤 10시 공개 이후 증가분 확인용 수집,320.2만,3202000.0,https://series.naver.com/comic/detail.series?productNo=10120503,20260823_164303,sun,일,2026-08-23 16:43:03,2026-08-23,16:43:03,2026-08-23 16:51:46,2026-08-23 16:51:49,2.79,2026-08-23 16:51:49,2026-08-23,16:51:49,2026-08-23 16:58:52,949.06,True,20260822_164006,2026-08-22 16:40:46,319.9만,3199000.0,3000.0,0.0009377930603313535,2026-08-23 16:51:49
sun,68,아무래도 결혼을 잘못한 것 같다,빗잘,817122,https://comic.naver.com/webtoon/list?titleId=817122&tab=sun,10225742,아무래도 결혼을 잘못한 것 같다[독점],아무래도 결혼을 잘못한 것 같다[독점] (총 69화/미완결),총 69화/미완결,69.0,미완결,,,https://series.naver.com/comic/detail.series?productNo=10225742,matched,ok,"아무래도 결혼을 잘못한 것 같다[독점] (총 69화/미완결)
평점
9.9 | 빗잘, 김다함 지멸계, 스튜디오 파노라마 | 2026.06.06. | 총69화/미완결 | 62화 무료
소설 속 세상에 빙의했다.등장인물들이 악역의 손에 죄다 목이 뎅겅 잘려 죽는 피폐 소설 속에.소심한 걸 고치고 담력을 키워보고자유명한 피폐 소설을 읽었을 뿐인데!본격적인 이야기가 시작되기 전에 무시무시한 수도 사교계..",sun,1,sun,1,sat,sun,True,sun,일,sat,sun,10225742_sun,post_24h,어제 밤 10시 공개 이후 증가분 확인용 수집,157.7만,1577000.0,https://series.naver.com/comic/detail.series?productNo=10225742,20260823_164303,sun,일,2026-08-23 16:43:03,2026-08-23,16:43:03,2026-08-23 16:51:50,2026-08-23 16:51:52,2.24,2026-08-23 16:51:52,2026-08-23,16:51:52,2026-08-23 16:58:52,949.06,True,20260822_164006,2026-08-22 16:40:50,157.5만,1575000.0,2000.0,0.0012698412698412698,2026-08-23 16:51:52
sun,85,죽거나 혹은 사랑에 빠지거나,,819696,https://comic.naver.com/webtoon/list?titleId=819696&tab=sun,10555314,죽거나 혹은 사랑에 빠지거나,죽거나 혹은 사랑에 빠지거나 (총 128화/미완결),총 128화/미완결,128.0,미완결,허니비 허니비,평점 9.8 | 허니비 허니비 | 2026.06.13. | 총128화/미완결 | 122화 무료,https://series.naver.com/comic/detail.series?productNo=10555314,review_needed,not_found,"죽거나 혹은 사랑에 빠지거나 (총 128화/미완결)
평점
9.8 | 허니비 허니비 | 2026.06.13. | 총128화/미완결 | 122화 무료
아름다운 도시 루베른에서 일어나는 의문의 연쇄살인 사건. 조용하고 눈에 띄지 않는 이자벨라에게 살인마의 초대장이 전달되는데.. 목숨을 건 15일간의 내기. 절대 어떤 쾌락과 환상에도 사랑에 빠져서는 안 된다.",sun,1,sun,1,sat,sun,True,sun,일,sat,sun,10555314_sun,post_24h,어제 밤 10시 공개 이후 증가분 확인용 수집,,,https://nid.naver.com/nidlogin.login?svctype=128&a_version=2&viewtype=1&url=http%3A%2F%2Fseries.naver.com%2Fcomic%2Fdetail.series%3FproductNo%3D10555314&surl=https%3A%2F%2Fseries.naver.com,20260823_164303,sun,일,2026-08-23 16:43:03,2026-08-23,16:43:03,2026-08-23 16:51:54,2026-08-23 16:52:10,15.67,2026-08-23 16:52:10,2026-08-23,16:52:10,2026-08-23 16:58:52,949.06,True,20260822_164006,2026-08-22 16:41:08,,,,,2026-08-23 16:52:10
sun,16,환생좌,ALLA,819912,https://comic.naver.com/webtoon/list?titleId=819912&tab=sun,10577688,환생좌,환생좌 (총 138화/미완결),총 138화/미완결,138.0,미완결,,,https://series.naver.com/comic/detail.series?productNo=10577688,matched,ok,"환생좌 (총 138화/미완결)
평점
9.7 | ALLA, 아스트라페 아스트라페 | 2026.06.06. | 총138화/미완결 | 128화 무료
신은 자신의 심심함을 풀기 위해 어비스를 만들었다. 인류는 지옥과도 같은 어비스 안에 갇혀 멸망의 길을 걷게 되는데...""우리는 이제... 끝난건가...""인류가 절멸하기 바로 직전, 가장 강한 네 명의 생존자는 어비스로 끌려오기 전..",sun,1,sun,1,sat,sun,True,sun,일,sat,sun,10577688_sun,post_24h,어제 밤 10시 공개 이후 증가분 확인용 수집,352만,3520000.0,https://series.naver.com/comic/detail.series?productNo=10577688,20260823_164303,sun,일,2026-08-23 16:43:03,2026-08-23,16:43:03,2026-08-23 16:52:11,2026-08-23 16:52:14,2.94,2026-08-23 16:52:14,2026-08-23,16:52:14,2026-08-23 16:58:52,949.06,True,20260822_164006,2026-08-22 16:41:12,351.8만,3518000.0,2000.0,0.0005685048322910744,2026-08-23 16:52:14
sun,75,무능력자,치킨무,821085,https://comic.naver.com/webtoon/list?titleId=821085&tab=sun,10694046,무능력자,무능력자 (총 36화/미완결),총 36화/미완결,36.0,미완결,치킨무 드쾅,평점 7.9 | 치킨무 드쾅 | 2024.08.17. | 총36화/미완결 | 전화 무료,https://series.naver.com/comic/detail.series?productNo=10694046,matched,ok,"무능력자 (총 36화/미완결)
평점
7.9 | 치킨무 드쾅 | 2024.08.17. | 총36화/미완결 | 전화 무료
이능력 리그에 밀려 망해버린 종합 격투기를 살리기 위해 과거 영구제명당한 챔피언 황광호를 불러들인 세연왜냐면 그는 '흥행의 신' 이니까이능VS무능구분은 이 남자 앞에서 무의미하다이능에 도달한 기술트리키한 싸움 방..",sun,1,sun,1,sat,sun,True,sun,일,sat,sun,10694046_sun,post_24h,어제 밤 10시 공개 이후 증가분 확인용 수집,116.5만,1165000.0,https://series.naver.com/comic/detail.series?productNo=10694046,20260823_164303,sun,일,2026-08-23 16:43:03,2026-08-23,16:43:03,2026-08-23 16:52:16,2026-08-23 16:52:18,2.22,2026-08-23 16:52:18,2026-08-23,16:52:18,2026-08-23 16:58:52,949.06,True,20260822_164006,2026-08-22 16:41:15,116.4만,1164000.0,1000.0,0.000859106529209622,2026-08-23 16:52:18
sun,28,재벌의 품격,아쿠아콘,823025,https://comic.naver.com/webtoon/list?titleId=823025&tab=sun,10892248,재벌의 품격,재벌의 품격 (총 120화/미완결),총 120화/미완결,120.0,미완결,,,https://series.naver.com/comic/detail.series?productNo=10892248,matched,ok,"재벌의 품격 (총 120화/미완결)
평점
9.5 | 아쿠아콘, 서인하 우주영 | 2026.06.06. | 총120화/미완결 | 115화 무료
1990년대 대한민국을 대표했던 재경 그룹 회장 손중길.눈을 감고 30년 뒤, 2022년 손자 손정훈의 몸으로 눈을 뜬다.30년 전과 비교해 눈에 띄게 쇠퇴한 재경 그룹.손중길은 자신이 일궈 낸 그룹을 다시금 정상에 올리려 한다.",sun,1,sun,1,sat,sun,True,sun,일,sat,sun,10892248_sun,post_24h,어제 밤 10시 공개 이후 증가분 확인용 수집,285만,2850000.0,https://series.naver.com/comic/detail.series?productNo=10892248,20260823_164303,sun,일,2026-08-23 16:43:03,2026-08-23,16:43:03,2026-08-23 16:52:19,2026-08-23 16:52:21,1.78,2026-08-23 16:52:21,2026-08-23,16:52:21,2026-08-23 16:58:52,949.06,True,20260822_164006,2026-08-22 16:41:18,284.7만,2847000.0,3000.0,0.001053740779768177,2026-08-23 16:52:21
sun,76,나는 참지 못한다,,823476,https://comic.naver.com/webtoon/list?titleId=823476&tab=sun,10970308,나는 참지 못한다,나는 참지 못한다 (총 115화/미완결),총 115화/미완결,115.0,미완결,성현 성현,평점 10.0 | 성현 성현 | 2026.06.13. | 총115화/미완결 | 111화 무료,https://series.naver.com/comic/detail.series?productNo=10970308,review_needed,not_found,"나는 참지 못한다 (총 115화/미완결)
평점
10.0 | 성현 성현 | 2026.06.13. | 총115화/미완결 | 111화 무료
평범한 회사원 김연지는 교통사고 이후 변화를 겪게 된다.스트레스가 폭발하면 아무것도 참지 못하는 상태가 되고 만다.계속 일어나는 통제불능 사건들, 자신에게 접근하는 의문의 남성 민성훈.사건은 커지고 일상은 꼬여만 가..",sun,1,sun,1,sat,sun,True,sun,일,sat,sun,10970308_sun,post_24h,어제 밤 10시 공개 이후 증가분 확인용 수집,,,https://nid.naver.com/nidlogin.login?svctype=128&a_version=2&viewtype=1&url=http%3A%2F%2Fseries.naver.com%2Fcomic%2Fdetail.series%3FproductNo%3D10970308&surl=https%3A%2F%2Fseries.naver.com,20260823_164303,sun,일,2026-08-23 16:43:03,2026-08-23,16:43:03,2026-08-23 16:52:22,2026-08-23 16:52:38,15.19,2026-08-23 16:52:38,2026-08-23,16:52:38,2026-08-23 16:58:52,949.06,True,20260822_164006,2026-08-22 16:41:35,,,,,2026-08-23 16:52:38
sun,19,천재 무림 트레이너,코울,824295,https://comic.naver.com/webtoon/list?titleId=824295&tab=sun,11053491,천재 무림 트레이너 [독점],천재 무림 트레이너 [독점] (총 117화/미완결),총 117화/미완결,117.0,미완결,,,https://series.naver.com/comic/detail.series?productNo=11053491,matched,ok,"천재 무림 트레이너 [독점] (총 117화/미완결)
평점
9.8 | 코울 MIDNIGHT STUDIO | 2026.06.06. | 총117화/미완결 | 110화 무료
대 역병 시대, 운영하던 헬스장이 망했다.어떻게든 먹고 살아보려던 찰나 읽고 있던 무협지에 빙의했다.도착해보니 천년 소림이라 좋아했는데, 이건 뭐? 다들 잘못된 지식과 운동법으로 몸이 다 망가져 있잖아?!헬스 트레이너..",sun,1,sun,1,sat,sun,True,sun,일,sat,sun,11053491_sun,post_24h,어제 밤 10시 공개 이후 증가분 확인용 수집,448.3만,4483000.0,https://series.naver.com/comic/detail.series?productNo=11053491,20260823_164303,sun,일,2026-08-23 16:43:03,2026-08-23,16:43:03,2026-08-23 16:52:39,2026-08-23 16:52:42,3.13,2026-08-23 16:52:42,2026-08-23,16:52:42,2026-08-23 16:58:52,949.06,True,20260822_164006,2026-08-22 16:41:39,447.9만,4479000.0,4000.0,0.0008930564858227283,2026-08-23 16:52:42
sun,52,남주의 정석,이온상,827323,https://comic.naver.com/webtoon/list?titleId=827323&tab=sun,11282654,남주의 정석,남주의 정석 (총 94화/미완결),총 94화/미완결,94.0,미완결,,,https://series.naver.com/comic/detail.series?productNo=11282654,matched,ok,"남주의 정석 (총 94화/미완결)
평점
9.9 | 이온상 이온상 | 2026.06.06. | 총94화/미완결 | 86화 무료
과거로부터 도망친 해주는 뒤늦게 연영과에 들어왔다.앞으로 꽃길 가득한 캠퍼스 라이프를 기대했는데...그러나 더는 도망칠 수 없다.다시 재회한 소꿉친구와 첫사랑 사이에서 마음을 종잡을 수 없는 해주.소꿉친구, 은석은 사심..",sun,1,sun,1,sat,sun,True,sun,일,sat,sun,11282654_sun,post_24h,어제 밤 10시 공개 이후 증가분 확인용 수집,165.7만,1657000.0,https://series.naver.com/comic/detail.series?productNo=11282654,20260823_164303,sun,일,2026-08-23 16:43:03,2026-08-23,16:43:03,2026-08-23 16:52:43,2026-08-23 16:52:45,2.0,2026-08-23 16:52:45,2026-08-23,16:52:45,2026-08-23 16:58:52,949.06,True,20260822_164006,2026-08-22 16:41:43,165.5만,1655000.0,2000.0,0.0012084592145015106,2026-08-23 16:52:45
sun,36,소년교도소,청민,827335,https://comic.naver.com/webtoon/list?titleId=827335&tab=sun,11270032,소년교도소,소년교도소 (총 104화/미완결),총 104화/미완결,104.0,미완결,,,https://series.naver.com/comic/detail.series?productNo=11270032,matched,ok,"소년교도소 (총 104화/미완결)
평점
9.3 | 청민 이수현 | 2026.06.06. | 총104화/미완결 | 99화 무료
조폭인 아버지를 식물인간으로 만들어 소년교도소에 수감된 ‘차주영’.얼마 뒤, 깨어나지 못할 거라 여겼던 아버지가 찾아와 말한다.“아들아, 내가 너의 소꿉친구를 죽였다”그런 아버지에게 복수할 방법은 단 하나‘이 교..",sun,1,sun,1,sat,sun,True,sun,일,sat,sun,11270032_sun,post_24h,어제 밤 10시 공개 이후 증가분 확인용 수집,489.8만,4898000.0,https://series.naver.com/comic/detail.series?productNo=11270032,20260823_164303,sun,일,2026-08-23 16:43:03,2026-08-23,16:43:03,2026-08-23 16:52:46,2026-08-23 16:52:49,2.86,2026-08-23 16:52:49,2026-08-23,16:52:49,2026-08-23 16:58:52,949.06,True,20260822_164006,2026-08-22 16:41:47,489.4만,4894000.0,4000.0,0.0008173273395995096,2026-08-23 16:52:49
sun,48,그레이마크,박태현,829462,https://comic.naver.com/webtoon/list?titleId=829462&tab=sun,11505183,그레이마크,그레이마크 (총 99화/미완결),총 99화/미완결,99.0,미완결,,,https://series.naver.com/comic/detail.series?productNo=11505183,matched,ok,"그레이마크 (총 99화/미완결)
평점
9.8 | 박태현 박태현 | 2026.06.06. | 총99화/미완결 | 93화 무료
수많은 죄를 짓고 우주로 쫓겨난 잔학무도한 죄인 <그레이트>그곳에서 만난 우주의 왕 <로훔로가하>에 의해 과거로 내쫓겨진다.그레이트는 과거 범했던 숱한 잘못을 바로잡고 올바른 미래를 다시 쓰려 하는데..",sun,1,sun,1,sat,sun,True,sun,일,sat,sun,11505183_sun,post_24h,어제 밤 10시 공개 이후 증가분 확인용 수집,258.1만,2581000.0,https://series.naver.com/comic/detail.series?productNo=11505183,20260823_164303,sun,일,2026-08-23 16:43:03,2026-08-23,16:43:03,2026-08-23 16:52:51,2026-08-23 16:52:54,2.84,2026-08-23 16:52:54,2026-08-23,16:52:54,2026-08-23 16:58:52,949.06,True,20260822_164006,2026-08-22 16:41:51,258만,2580000.0,1000.0,0.0003875968992248062,2026-08-23 16:52:54
sun,77,"아임 파인 땡큐, 앤유?",벼락,829495,https://comic.naver.com/webtoon/list?titleId=829495&tab=sun,11505582,"아임 파인 땡큐, 앤유?","아임 파인 땡큐, 앤유? (총 92화/미완결)",총 92화/미완결,92.0,미완결,,,https://series.naver.com/comic/detail.series?productNo=11505582,matched,ok,"아임 파인 땡큐, 앤유? (총 92화/미완결)
평점
9.9 | 벼락 벼락 | 2026.06.06. | 총92화/미완결 | 87화 무료
어릴 적부터 진짜 불x친구였던 한겨울과 강태평. 남사친 여사친 사이에 '진짜 친구가 있냐'는 도발에 둘은 의기양양 대답한다. ""있다!""하지만 다음날, 자신만만했던 대답과 달리 난감한 상황이 닥쳐오는데... 과연 겨울이와 태평..",sun,1,sun,1,sat,sun,True,sun,일,sat,sun,11505582_sun,post_24h,어제 밤 10시 공개 이후 증가분 확인용 수집,185.7만,1857000.0,https://series.naver.com/comic/detail.series?productNo=11505582,20260823_164303,sun,일,2026-08-23 16:43:03,2026-08-23,16:43:03,2026-08-23 16:52:55,2026-08-23 16:52:56,1.91,2026-08-23 16:52:56,2026-08-23,16:52:56,2026-08-23 16:58:52,949.06,True,20260822_164006,2026-08-22 16:41:54,185.6만,1856000.0,1000.0,0.0005387931034482759,2026-08-23 16:52:56
sun,88,감정전이,향유,832317,https://comic.naver.com/webtoon/list?titleId=832317&tab=sun,11618142,감정전이,감정전이 (총 82화/미완결),총 82화/미완결,82.0,미완결,,,https://series.naver.com/comic/detail.series?productNo=11618142,matched,ok,"감정전이 (총 82화/미완결)
평점
10.0 | 향유 향유 | 2026.06.06. | 총82화/미완결 | 78화 무료
어렸을 때의 트라우마로 감정 표현이 어려운 문창과 새내기 공수아.소설가를 꿈꾸고 있지만 꿈도 인간관계도 감정이란 놈한테 발목 잡히기 일쑤!그러던 어느 날, 수아의 고요한 세계에 체대생 선배님이 뚝 하고 떨어지는데,이 ..",sun,1,sun,1,sat,sun,True,sun,일,sat,sun,11618142_sun,post_24h,어제 밤 10시 공개 이후 증가분 확인용 수집,96.6만,966000.0,https://series.naver.com/comic/detail.series?productNo=11618142,20260823_164303,sun,일,2026-08-23 16:43:03,2026-08-23,16:43:03,2026-08-23 16:52:58,2026-08-23 16:53:00,2.65,2026-08-23 16:53:00,2026-08-23,16:53:00,2026-08-23 16:58:52,949.06,True,20260822_164006,2026-08-22 16:41:58,96.4만,964000.0,2000.0,0.002074688796680498,2026-08-23 16:53:00
sun,5,2회차 환관이 남성을 되찾음,,832566,https://comic.naver.com/webtoon/list?titleId=832566&tab=sun,11636787,2회차 환관이 남성을 되찾음,2회차 환관이 남성을 되찾음 (총 93화/미완결),총 93화/미완결,93.0,미완결,"LICO, 노빠꾸맨 포스 스튜디오","평점 9.6 | LICO, 노빠꾸맨 포스 스튜디오 | 2026.06.13. | 총93화/미완결 | 89화 무료",https://series.naver.com/comic/detail.series?productNo=11636787,review_needed,not_found,"2회차 환관이 남성을 되찾음 (총 93화/미완결)
평점
9.6 | LICO, 노빠꾸맨 포스 스튜디오 | 2026.06.13. | 총93화/미완결 | 89화 무료
제국의 국정을 마음대로 주무르는 비선실세 환관, 이철수.절대 권력에 돈 많고, 무공까지 강하지만.. 그게 무슨 의미가 있지? '그걸' 못하는데!!환생대법을 통해, 고자가 되기 전으로 회귀한 철수의 목표는 하나다.알파메일이 되..",sun,1,sun,1,sat,sun,True,sun,일,sat,sun,11636787_sun,post_24h,어제 밤 10시 공개 이후 증가분 확인용 수집,,,https://nid.naver.com/nidlogin.login?svctype=128&a_version=2&viewtype=1&url=http%3A%2F%2Fseries.naver.com%2Fcomic%2Fdetail.series%3FproductNo%3D11636787&surl=https%3A%2F%2Fseries.naver.com,20260823_164303,sun,일,2026-08-23 16:43:03,2026-08-23,16:43:03,2026-08-23 16:53:02,2026-08-23 16:53:17,14.86,2026-08-23 16:53:17,2026-08-23,16:53:17,2026-08-23 16:58:52,949.06,True,20260822_164006,2026-08-22 16:42:14,,,,,2026-08-23 16:53:17
sun,42,흉가에 들어가면 안되는 이유,벽돌,834250,https://comic.naver.com/webtoon/list?titleId=834250&tab=sun,11864814,흉가에 들어가면 안되는 이유,흉가에 들어가면 안되는 이유 (총 85화/미완결),총 85화/미완결,85.0,미완결,,,https://series.naver.com/comic/detail.series?productNo=11864814,matched,ok,"흉가에 들어가면 안되는 이유 (총 85화/미완결)
평점
10.0 | 벽돌 벽돌 | 2026.06.06. | 총85화/미완결 | 80화 무료
밝은 세상은 어떤 모습일까?'이현'의 세상은 흉측한 귀신과 영혼이 남기고 간 검은 덩어리로 가득하다.평범한 삶을 살기위해 애써 그것들을 모른척하던 현의 앞에 흉가만 찾아다니는 이상한놈이 나타나는데... 위험천만한 그곳..",sun,1,sun,1,sat,sun,True,sun,일,sat,sun,11864814_sun,post_24h,어제 밤 10시 공개 이후 증가분 확인용 수집,140.8만,1408000.0,https://series.naver.com/comic/detail.series?productNo=11864814,20260823_164303,sun,일,2026-08-23 16:43:03,2026-08-23,16:43:03,2026-08-23 16:53:18,2026-08-23 16:53:20,2.36,2026-08-23 16:53:20,2026-08-23,16:53:20,2026-08-23 16:58:52,949.06,True,20260822_164006,2026-08-22 16:42:18,140.5만,1405000.0,3000.0,0.002135231316725979,2026-08-23 16:53:20
sun,41,아마도 무적불패,2Poet,834396,https://comic.naver.com/webtoon/list?titleId=834396&tab=sun,11861453,아마도 무적불패,아마도 무적불패 (총 71화/미완결),총 71화/미완결,71.0,미완결,,,https://series.naver.com/comic/detail.series?productNo=11861453,matched,ok,"아마도 무적불패 (총 71화/미완결)
평점
9.0 | 2POET | 2026.06.06. | 총71화/미완결 | 69화 무료
험악한 겉모습 때문에 '사파의 별'이라 불리던 삼류 무사 유혈.헛소문 때문에 억울한 나날을 보내던 중 과거, 미래를 약속했던 여인설화가 진짜배기 고수가 되어 그의 앞에 나타난다.설화를 시작으로 수많은 무림인들과 엮이며 ..",sun,1,sun,1,sat,sun,True,sun,일,sat,sun,11861453_sun,post_24h,어제 밤 10시 공개 이후 증가분 확인용 수집,147.1만,1471000.0,https://series.naver.com/comic/detail.series?productNo=11861453,20260823_164303,sun,일,2026-08-23 16:43:03,2026-08-23,16:43:03,2026-08-23 16:53:21,2026-08-23 16:53:23,1.98,2026-08-23 16:53:23,2026-08-23,16:53:23,2026-08-23 16:58:52,949.06,True,20260822_164006,2026-08-22 16:42:21,147만,1470000.0,1000.0,0.0006802721088435374,2026-08-23 16:53:23
sun,90,살인예정자,유령아이,834765,https://comic.naver.com/webtoon/list?titleId=834765&tab=sun,12107996,살인예정자,살인예정자 (총 76화/미완결),총 76화/미완결,76.0,미완결,,,https://series.naver.com/comic/detail.series?productNo=12107996,matched,ok,"살인예정자 (총 76화/미완결)
평점
9.9 | 유령아이 바밤 | 2026.06.06. | 총76화/미완결 | 72화 무료
""네 숫자가 보인다. 네가 앞으로 몇 명을 죽일지가.""죽이기 전에 죽여버리면 살인은 일어나지 않는다.그 일념 하에 ‘살인예정자’들을 하나씩 처단해가는 연쇄살인마 넘버.살인을 통해 살인 없는 세상을 만들겠다는 그의 바람..",sun,1,sun,1,sat,sun,True,sun,일,sat,sun,12107996_sun,post_24h,어제 밤 10시 공개 이후 증가분 확인용 수집,23.2만,232000.0,https://series.naver.com/comic/detail.series?productNo=12107996,20260823_164303,sun,일,2026-08-23 16:43:03,2026-08-23,16:43:03,2026-08-23 16:53:25,2026-08-23 16:53:27,2.15,2026-08-23 16:53:27,2026-08-23,16:53:27,2026-08-23 16:58:52,949.06,True,20260822_164006,2026-08-22 16:42:25,23.2만,232000.0,0.0,0.0,2026-08-23 16:53:27
sun,32,내 최애는 막차를 탄다,직씨,834896,https://comic.naver.com/webtoon/list?titleId=834896&tab=sun,11969557,내 최애는 막차를 탄다,내 최애는 막차를 탄다 (총 81화/미완결),총 81화/미완결,81.0,미완결,,,https://series.naver.com/comic/detail.series?productNo=11969557,matched,ok,"내 최애는 막차를 탄다 (총 81화/미완결)
평점
10.0 | 직씨 직씨 | 2026.06.06. | 총81화/미완결 | 75화 무료
“오늘도 막차에서 만난 그녀, 그녀와 말할 수 있다면!” 대학생 이여운은 늦게까지 일하고 매일 막차를 탄다. 그때마다 마주치는 기타를 멘 여자 신해인. 우연인 듯 인연인 듯 만나는 두 사람은 서로의 최애가 인디 뮤지션 “긴..",sun,1,sun,1,sat,sun,True,sun,일,sat,sun,11969557_sun,post_24h,어제 밤 10시 공개 이후 증가분 확인용 수집,392.4만,3924000.0,https://series.naver.com/comic/detail.series?productNo=11969557,20260823_164303,sun,일,2026-08-23 16:43:03,2026-08-23,16:43:03,2026-08-23 16:53:29,2026-08-23 16:53:31,2.53,2026-08-23 16:53:31,2026-08-23,16:53:31,2026-08-23 16:58:52,949.06,True,20260822_164006,2026-08-22 16:42:28,392.3만,3923000.0,1000.0,0.0002549069589599796,2026-08-23 16:53:31
sun,82,빙의자 베네핏이 없음,곽나나,835066,https://comic.naver.com/webtoon/list?titleId=835066&tab=sun,11978980,빙의자 베네핏이 없음 [독점],빙의자 베네핏이 없음 [독점] (총 60화/미완결),총 60화/미완결,60.0,미완결,,,https://series.naver.com/comic/detail.series?productNo=11978980,matched,ok,"빙의자 베네핏이 없음 [독점] (총 60화/미완결)
평점
10.0 | 곽나나 설동원 | 2026.06.06. | 총60화/미완결 | 55화 무료
10년차 경력직 빙의자 아이리는 3년간 빚을 내며 마법을 배웠지만 처참한 마나 운용량으로 변변찮은 기술도 못 배우고 가문의 몰락과 함께 하녀로 전락한다.어느 날, 어린 도련님의 장난으로 대공가 지하 서고에 갇히게 된 아..",sun,1,sun,1,sat,sun,True,sun,일,sat,sun,11978980_sun,post_24h,어제 밤 10시 공개 이후 증가분 확인용 수집,46.5만,465000.0,https://series.naver.com/comic/detail.series?productNo=11978980,20260823_164303,sun,일,2026-08-23 16:43:03,2026-08-23,16:43:03,2026-08-23 16:53:32,2026-08-23 16:53:34,2.06,2026-08-23 16:53:34,2026-08-23,16:53:34,2026-08-23 16:58:52,949.06,True,20260822_164006,2026-08-22 16:42:33,46.4만,464000.0,1000.0,0.0021551724137931034,2026-08-23 16:53:34
sun,14,축구천재로 오해받는 중입니다,이보테,835119,https://comic.naver.com/webtoon/list?titleId=835119&tab=sun,12008958,축구천재로 오해받는 중입니다,축구천재로 오해받는 중입니다 (총 80화/미완결),총 80화/미완결,80.0,미완결,,,https://series.naver.com/comic/detail.series?productNo=12008958,matched,ok,"축구천재로 오해받는 중입니다 (총 80화/미완결)
평점
9.9 | 한명현,이보테 이보테 | 2026.06.06. | 총80화/미완결 | 74화 무료
이탈리아 명문 유스에서 방출당한 한국인 소년 ‘이지안’은도망치듯이 도착한 ‘AC 피렌체’ 유스에서도 후보로 지내며 허송세월을 보낸다.평소처럼 소꿉친구인 ‘김지우’에게 자신이 천재라며 허세를 부리는데지우가 이..",sun,1,sun,1,sat,sun,True,sun,일,sat,sun,12008958_sun,post_24h,어제 밤 10시 공개 이후 증가분 확인용 수집,759.1만,7591000.0,https://series.naver.com/comic/detail.series?productNo=12008958,20260823_164303,sun,일,2026-08-23 16:43:03,2026-08-23,16:43:03,2026-08-23 16:53:35,2026-08-23 16:53:38,2.62,2026-08-23 16:53:38,2026-08-23,16:53:38,2026-08-23 16:58:52,949.06,True,20260822_164006,2026-08-22 16:42:36,757.4만,7574000.0,17000.0,0.0022445207288090837,2026-08-23 16:53:38
sun,66,던전짐꾼,나진수,835423,https://comic.naver.com/webtoon/list?titleId=835423&tab=sun,12060139,던전짐꾼,던전짐꾼 (총 80화/미완결),총 80화/미완결,80.0,미완결,,,https://series.naver.com/comic/detail.series?productNo=12060139,matched,ok,"던전짐꾼 (총 80화/미완결)
평점
9.9 | 나진수 나진수 | 2026.06.06. | 총80화/미완결 | 74화 무료
타고난 재능을 가진 자들만이 던전을 토벌하는 모험가가 될 수 있는 세계.세상은 '나기'를 모험가가 될 수 없는 짐꾼으로 규정했다.하지만 던전을 클리어 하면 그게 모험가잖아?전투 스킬 0! 생존 능력 만렙!운명을 거스르는 만..",sun,1,sun,1,sat,sun,True,sun,일,sat,sun,12060139_sun,post_24h,어제 밤 10시 공개 이후 증가분 확인용 수집,94.8만,948000.0,https://series.naver.com/comic/detail.series?productNo=12060139,20260823_164303,sun,일,2026-08-23 16:43:03,2026-08-23,16:43:03,2026-08-23 16:53:40,2026-08-23 16:53:42,2.79,2026-08-23 16:53:42,2026-08-23,16:53:42,2026-08-23 16:58:52,949.06,True,20260822_164006,2026-08-22 16:42:40,94.6만,946000.0,2000.0,0.0021141649048625794,2026-08-23 16:53:42
sun,35,고대동물기,고제형,835910,https://comic.naver.com/webtoon/list?titleId=835910&tab=sun,12229938,고대동물기,고대동물기 (총 72화/미완결),총 72화/미완결,72.0,미완결,,,https://series.naver.com/comic/detail.series?productNo=12229938,matched,ok,"고대동물기 (총 72화/미완결)
평점
9.7 | 고제형 고제형 | 2026.06.06. | 총72화/미완결 | 66화 무료
모든 생명은 무엇을 위해 살아가고, 무엇을 위해 죽어갈까?세상으로부터 버려진 채 늙어 죽어가는 티라노사우루스 한 마리. 그런 그에게 죽기 전에 이뤄야 할 꿈이 생겼다. 이 땅에 살고, 이 땅에 죽어간 생명들의 기묘하고도 ..",sun,1,sun,1,sat,sun,True,sun,일,sat,sun,12229938_sun,post_24h,어제 밤 10시 공개 이후 증가분 확인용 수집,190.1만,1901000.0,https://series.naver.com/comic/detail.series?productNo=12229938,20260823_164303,sun,일,2026-08-23 16:43:03,2026-08-23,16:43:03,2026-08-23 16:53:44,2026-08-23 16:53:47,2.7,2026-08-23 16:53:47,2026-08-23,16:53:47,2026-08-23 16:58:52,949.06,True,20260822_164006,2026-08-22 16:42:44,189.7만,1897000.0,4000.0,0.0021085925144965737,2026-08-23 16:53:47
sun,56,두근두근 귀연시,동우,836426,https://comic.naver.com/webtoon/list?titleId=836426&tab=sun,12189364,두근두근 귀연시,두근두근 귀연시 (총 59화/미완결),총 59화/미완결,59.0,미완결,,,https://series.naver.com/comic/detail.series?productNo=12189364,matched,ok,"두근두근 귀연시 (총 59화/미완결)
평점
10.0 | 동우 동우 | 2026.06.06. | 총59화/미완결 | 54화 무료
반지하 월세방에서 게임 스트리머로서 생활을 이어가던 최도연.자신에게 많은 도움을 준 고향 선배이자 방송 선배인 삭제형에게한 게임 링크를 받게 되는데.별생각 없이 [두근두근 귀연시] 를 다운로드한 도연의 앞에보여선 ..",sun,1,sun,1,sat,sun,True,sun,일,sat,sun,12189364_sun,post_24h,어제 밤 10시 공개 이후 증가분 확인용 수집,204.8만,2048000.0,https://series.naver.com/comic/detail.series?productNo=12189364,20260823_164303,sun,일,2026-08-23 16:43:03,2026-08-23,16:43:03,2026-08-23 16:53:48,2026-08-23 16:53:50,2.07,2026-08-23 16:53:50,2026-08-23,16:53:50,2026-08-23 16:58:52,949.06,True,20260822_164006,2026-08-22 16:42:48,204.4만,2044000.0,4000.0,0.0019569471624266144,2026-08-23 16:53:50
sun,97,우리의 공백,조예빈,836948,https://comic.naver.com/webtoon/list?titleId=836948&tab=sun,12254838,우리의 공백,우리의 공백 (총 40화/미완결),총 40화/미완결,40.0,미완결,,,https://series.naver.com/comic/detail.series?productNo=12254838,matched,ok,"우리의 공백 (총 40화/미완결)
평점
10.0 | 조예빈 | 2025.11.01. | 총40화/미완결 | 전화 무료
누군가 떠나는것이 두려워 회피형으로 자란 희진자신과 정반대의 모습이 된 소꿉친구 진환과 5년만에 재회한다외톨이 희진이와 화려한 친구들의 조심스럽고 소중한 사랑과 우정이야기",sun,1,sun,1,sat,sun,True,sun,일,sat,sun,12254838_sun,post_24h,어제 밤 10시 공개 이후 증가분 확인용 수집,10.8만,108000.0,https://series.naver.com/comic/detail.series?productNo=12254838,20260823_164303,sun,일,2026-08-23 16:43:03,2026-08-23,16:43:03,2026-08-23 16:53:52,2026-08-23 16:53:54,2.6,2026-08-23 16:53:54,2026-08-23,16:53:54,2026-08-23 16:58:52,949.06,True,20260822_164006,2026-08-22 16:42:51,10.8만,108000.0,0.0,0.0,2026-08-23 16:53:54
sun,58,공정거래위원회,권오준,837139,https://comic.naver.com/webtoon/list?titleId=837139&tab=sun,12278159,공정거래위원회,공정거래위원회 (총 75화/미완결),총 75화/미완결,75.0,미완결,,,https://series.naver.com/comic/detail.series?productNo=12278159,matched,ok,"공정거래위원회 (총 75화/미완결)
평점
9.9 | 권오준 taibogi | 2026.06.06. | 총75화/미완결 | 65화 무료
하청업자는 내게 고마운 로봇들일 뿐이었다.그 로봇들을 쥐어짜는 건 너무나도 당연한 일.그러나 몸담았던 그룹에서 토사구팽을 당한 나는새로운 몸에서 눈을 뜨고서야 '로봇'들의 눈물을 보았다.죽음의 문턱에서 얻은 두 번째..",sun,1,sun,1,sat,sun,True,sun,일,sat,sun,12278159_sun,post_24h,어제 밤 10시 공개 이후 증가분 확인용 수집,87.1만,871000.0,https://series.naver.com/comic/detail.series?productNo=12278159,20260823_164303,sun,일,2026-08-23 16:43:03,2026-08-23,16:43:03,2026-08-23 16:53:55,2026-08-23 16:53:57,2.54,2026-08-23 16:53:57,2026-08-23,16:53:57,2026-08-23 16:58:52,949.06,True,20260822_164006,2026-08-22 16:42:55,87만,870000.0,1000.0,0.0011494252873563218,2026-08-23 16:53:57
sun,38,솔플의 제왕,봄 버스터즈,837506,https://comic.naver.com/webtoon/list?titleId=837506&tab=sun,12355220,솔플의 제왕,솔플의 제왕 (총 70화/미완결),총 70화/미완결,70.0,미완결,,,https://series.naver.com/comic/detail.series?productNo=12355220,matched,ok,"솔플의 제왕 (총 70화/미완결)
평점
9.8 | 석신, 디다트 은화26 | 2026.06.06. | 총70화/미완결 | 61화 무료
2035년 가상현실게임 워로드의 등장은 세상을 바꾸었다. 그 세상에서 자신의 운명도 바꾸고 싶었던 안재현. 하지만 인생을 바꾸기 위해 일생을 게임에 바친 대가는 믿었던 동료들의 배신, 그 배신으로 모든 걸 잃은 안재현, 그..",sun,1,sun,1,sat,sun,True,sun,일,sat,sun,12355220_sun,post_24h,어제 밤 10시 공개 이후 증가분 확인용 수집,177.6만,1776000.0,https://series.naver.com/comic/detail.series?productNo=12355220,20260823_164303,sun,일,2026-08-23 16:43:03,2026-08-23,16:43:03,2026-08-23 16:53:59,2026-08-23 16:54:01,1.75,2026-08-23 16:54:01,2026-08-23,16:54:01,2026-08-23 16:58:52,949.06,True,20260822_164006,2026-08-22 16:42:59,177.2만,1772000.0,4000.0,0.002257336343115124,2026-08-23 16:54:01
sun,45,마탑의 문제아들,샘미,837812,https://comic.naver.com/webtoon/list?titleId=837812&tab=sun,12401198,마탑의 문제아들,마탑의 문제아들 (총 45화/미완결),총 45화/미완결,45.0,미완결,"샘미, 제리엠 영명","평점 9.8 | 샘미, 제리엠 영명 | 2026.02.07. | 총45화/미완결 | 전화 무료",https://series.naver.com/comic/detail.series?productNo=12401198,matched,ok,"마탑의 문제아들 (총 45화/미완결)
평점
9.8 | 샘미, 제리엠 영명 | 2026.02.07. | 총45화/미완결 | 전화 무료
백탑의 마탑주 오스카 세이지와 백탑의 마법사들.인류의 미래를 위해 목숨을 비롯한 모든 것을 바쳤다.그로부터 20년 후.오스카 세이지가 다시 눈을 떴을 때, 창문에 비친 건 기초 마법밖에 쓰지 못하는 1레벨 마법사.그리고 4..",sun,1,sun,1,sat,sun,True,sun,일,sat,sun,12401198_sun,post_24h,어제 밤 10시 공개 이후 증가분 확인용 수집,133.2만,1332000.0,https://series.naver.com/comic/detail.series?productNo=12401198,20260823_164303,sun,일,2026-08-23 16:43:03,2026-08-23,16:43:03,2026-08-23 16:54:02,2026-08-23 16:54:04,2.52,2026-08-23 16:54:04,2026-08-23,16:54:04,2026-08-23 16:58:52,949.06,True,20260822_164006,2026-08-22 16:43:02,132.9만,1329000.0,3000.0,0.002257336343115124,2026-08-23 16:54:04
sun,47,원 앤 온리,임주이,838102,https://comic.naver.com/webtoon/list?titleId=838102&tab=sun,12448512,원 앤 온리,원 앤 온리 (총 49화/미완결),총 49화/미완결,49.0,미완결,,,https://series.naver.com/comic/detail.series?productNo=12448512,matched,ok,"원 앤 온리 (총 49화/미완결)
평점
10.0 | 로즈빈 임주이 | 2026.06.06. | 총49화/미완결 | 44화 무료
연주는 사랑했던 은성의 성공을 위해 그를 떠난 뒤,자신이 임신한 사실을 알게 된다.10년 후, 한별의 엄마가 된 연주는 스타일리스트로 일하며,자신이 참여할 영화의 주연이 은성임을 알게 되는데.한편, 은성은 가장 행복했던 ..",sun,1,sun,1,sat,sun,True,sun,일,sat,sun,12448512_sun,post_24h,어제 밤 10시 공개 이후 증가분 확인용 수집,219.9만,2199000.0,https://series.naver.com/comic/detail.series?productNo=12448512,20260823_164303,sun,일,2026-08-23 16:43:03,2026-08-23,16:43:03,2026-08-23 16:54:05,2026-08-23 16:54:08,2.43,2026-08-23 16:54:08,2026-08-23,16:54:08,2026-08-23 16:58:52,949.06,True,20260822_164006,2026-08-22 16:43:07,219.1만,2191000.0,8000.0,0.003651300775901415,2026-08-23 16:54:08
sun,34,레드셔츠,펀치킥,838553,https://comic.naver.com/webtoon/list?titleId=838553&tab=sun,12525552,레드셔츠,레드셔츠 (총 63화/미완결),총 63화/미완결,63.0,미완결,,,https://series.naver.com/comic/detail.series?productNo=12525552,matched,ok,"레드셔츠 (총 63화/미완결)
평점
9.8 | 펀치킥 펀치킥 | 2026.06.06. | 총63화/미완결 | 57화 무료
킬러 회사의 전설, 차시혁.사랑하는 여자를 만나 은퇴를 결심하지만, 회사는 그를 쉽게 놔줄 생각이 없었다.결국, 그의 모든 것을 앗아가기 시작하고, 차시혁은 다시 칼을 든다.복수가 시작되고, 거대한 조직 ‘네빌가’와의 전..",sun,1,sun,1,sat,sun,True,sun,일,sat,sun,12525552_sun,post_24h,어제 밤 10시 공개 이후 증가분 확인용 수집,321.7만,3217000.0,https://series.naver.com/comic/detail.series?productNo=12525552,20260823_164303,sun,일,2026-08-23 16:43:03,2026-08-23,16:43:03,2026-08-23 16:54:09,2026-08-23 16:54:12,2.24,2026-08-23 16:54:12,2026-08-23,16:54:12,2026-08-23 16:58:52,949.06,True,20260822_164006,2026-08-22 16:43:11,321만,3210000.0,7000.0,0.0021806853582554517,2026-08-23 16:54:12
sun,39,서바이브,,838594,https://comic.naver.com/webtoon/list?titleId=838594&tab=sun,10375934,연금술 무인도 서바이브,연금술 무인도 서바이브 (총 42화/완결),총 42화/완결,42.0,완결,"호시 렌지,이구치 콘 호시 렌지","평점 9.9 | 호시 렌지,이구치 콘 호시 렌지 | 2025.02.24. | 총42화/완결 | 1화 무료",https://series.naver.com/comic/detail.series?productNo=10375934,matched,ok,"연금술 무인도 서바이브 (총 42화/완결)
평점
9.9 | 호시 렌지,이구치 콘 호시 렌지 | 2025.02.24. | 총42화/완결 | 1화 무료
항행 중 사고를 당한 연금술사 니코, 요리사 진, 포로남 셋이 표착한 곳은…… 지도에도 표시돼 있지 않은 무인도였다! 「무인도에서 처음으로 해야 할 일은?」, 「물 확보는 어떻게?」, 「식량 수집의 포인트는?」 살아남기 ..",sun,1,sun,1,sat,sun,True,sun,일,sat,sun,10375934_sun,post_24h,어제 밤 10시 공개 이후 증가분 확인용 수집,5.6천,5600.0,https://series.naver.com/comic/detail.series?productNo=10375934,20260823_164303,sun,일,2026-08-23 16:43:03,2026-08-23,16:43:03,2026-08-23 16:54:13,2026-08-23 16:54:15,2.09,2026-08-23 16:54:15,2026-08-23,16:54:15,2026-08-23 16:58:52,949.06,True,20260822_164006,2026-08-22 16:43:15,5.6천,5600.0,0.0,0.0,2026-08-23 16:54:15
sun,62,모럴리스 스캔들,둥그라미,838705,https://comic.naver.com/webtoon/list?titleId=838705&tab=sun,12547698,모럴리스 스캔들,모럴리스 스캔들 (총 64화/미완결),총 64화/미완결,64.0,미완결,,,https://series.naver.com/comic/detail.series?productNo=12547698,matched,ok,"모럴리스 스캔들 (총 64화/미완결)
평점
9.9 | 둥그라미 여슬기 | 2026.06.06. | 총64화/미완결 | 59화 무료
모든 것을 앗아간 남편에게 복수하기 위해 로레나는 죽음을 택했다.그러나 기적처럼 과거로 돌아온 순간, 결심이 바뀌었다.이번 생은 다르게. 가족을 지키고, 남편을 짓밟기 위해. 방법은 단 하나, 추문 가득한 이혼.“들개가 필..",sun,1,sun,1,sat,sun,True,sun,일,sat,sun,12547698_sun,post_24h,어제 밤 10시 공개 이후 증가분 확인용 수집,151만,1510000.0,https://series.naver.com/comic/detail.series?productNo=12547698,20260823_164303,sun,일,2026-08-23 16:43:03,2026-08-23,16:43:03,2026-08-23 16:54:16,2026-08-23 16:54:18,2.44,2026-08-23 16:54:18,2026-08-23,16:54:18,2026-08-23 16:58:52,949.06,True,20260822_164006,2026-08-22 16:43:18,150.8만,1508000.0,2000.0,0.001326259946949602,2026-08-23 16:54:18
sun,4,권왕환생,최진형,839568,https://comic.naver.com/webtoon/list?titleId=839568&tab=sun,12656274,권왕환생 [독점],권왕환생 [독점] (총 55화/미완결),총 55화/미완결,55.0,미완결,,,https://series.naver.com/comic/detail.series?productNo=12656274,matched,ok,"권왕환생 [독점] (총 55화/미완결)
평점
9.9 | 최진형, 유진성 도나스 | 2026.05.30. | 총55화/미완결 | 50화 무료
주먹 하나로 무림을 누빈 남자 단우성.갑작스레 마도에게 죽음을 맞이하고,돈 많은 은하상단의 대공자의 몸에서 다시 눈을 뜨다.“나는 은원에서 자유롭길 바라지 않아.은혜가 있으면 갚고, 원한이 있어도 갚아줘야지.”가진 것..",sun,1,sun,1,sat,sun,True,sun,일,sat,sun,12656274_sun,post_24h,어제 밤 10시 공개 이후 증가분 확인용 수집,656.6만,6566000.0,https://series.naver.com/comic/detail.series?productNo=12656274,20260823_164303,sun,일,2026-08-23 16:43:03,2026-08-23,16:43:03,2026-08-23 16:54:19,2026-08-23 16:54:22,2.17,2026-08-23 16:54:22,2026-08-23,16:54:22,2026-08-23 16:58:52,949.06,True,20260822_164006,2026-08-22 16:43:22,654.9만,6549000.0,17000.0,0.002595816155138189,2026-08-23 16:54:22
sun,71,심검의 용사,문도현,839585,https://comic.naver.com/webtoon/list?titleId=839585&tab=sun,12680961,심검의 용사,심검의 용사 (총 57화/미완결),총 57화/미완결,57.0,미완결,,,https://series.naver.com/comic/detail.series?productNo=12680961,matched,ok,"심검의 용사 (총 57화/미완결)
평점
9.9 | 문도현 문도현 | 2026.06.06. | 총57화/미완결 | 50화 무료
심검을 뽑을 수 있는 자들을 사람들은 '용사'라 부른다. 엘런은 용사가 되기 위해 여행을 떠나지만, 꿈꾸던 영웅의 실체는 잔혹한 살인 병기에 지나지 않았다. 엘런은 과연 현실을 이겨내고 진정한 용사가 될 수 있을 것인가?",sun,1,sun,1,sat,sun,True,sun,일,sat,sun,12680961_sun,post_24h,어제 밤 10시 공개 이후 증가분 확인용 수집,63.1만,631000.0,https://series.naver.com/comic/detail.series?productNo=12680961,20260823_164303,sun,일,2026-08-23 16:43:03,2026-08-23,16:43:03,2026-08-23 16:54:23,2026-08-23 16:54:26,2.45,2026-08-23 16:54:26,2026-08-23,16:54:26,2026-08-23 16:58:52,949.06,True,20260822_164006,2026-08-22 16:43:26,62.8만,628000.0,3000.0,0.004777070063694267,2026-08-23 16:54:26
sun,50,빌런의 프로파일러,파스타 코인,839959,https://comic.naver.com/webtoon/list?titleId=839959&tab=sun,12723125,빌런의 프로파일러,빌런의 프로파일러 (총 53화/미완결),총 53화/미완결,53.0,미완결,,,https://series.naver.com/comic/detail.series?productNo=12723125,matched,ok,"빌런의 프로파일러 (총 53화/미완결)
평점
9.9 | 파스타 코인, 정용(正龍) 김진석 | 2026.06.06. | 총53화/미완결 | 49화 무료
심리를 꿰뚫는 분석, 프로파일링으로 악인을 처단하다. 살인자로부터 엄마를 잃고, 사고를 당한 아이 이신혁.여러 지식과 학습할 수 있는 신비한 공간에서 15년간 지식을 쌓은 뒤,한 달 만에 코마 상태에서 깨어나게 된다. 15년..",sun,1,sun,1,sat,sun,True,sun,일,sat,sun,12723125_sun,post_24h,어제 밤 10시 공개 이후 증가분 확인용 수집,88.5만,885000.0,https://series.naver.com/comic/detail.series?productNo=12723125,20260823_164303,sun,일,2026-08-23 16:43:03,2026-08-23,16:43:03,2026-08-23 16:54:28,2026-08-23 16:54:30,2.37,2026-08-23 16:54:30,2026-08-23,16:54:30,2026-08-23 16:58:52,949.06,True,20260822_164006,2026-08-22 16:43:30,88.4만,884000.0,1000.0,0.0011312217194570137,2026-08-23 16:54:30
sun,72,청춘정식,봄소희,839992,https://comic.naver.com/webtoon/list?titleId=839992&tab=sun,12727318,청춘정식,청춘정식 (총 53화/미완결),총 53화/미완결,53.0,미완결,,,https://series.naver.com/comic/detail.series?productNo=12727318,matched,ok,"청춘정식 (총 53화/미완결)
평점
9.8 | 봄소희 KYMA | 2026.05.31. | 총53화/미완결 | 50화 무료
매일 맛있는 끼니를 제공해야'만' 하는 게스트하우스.그곳을 갑작스럽게 혼자 운영해야 하는 대학생 하리.그러나 하리가 유일하게 못하는 건 요리?! 주방 직원 지원자는 0..;난감하던 찰나에 수상한 지원자가 왔다!<헤어지면 죽..",sun,1,sun,1,sat,sun,True,sun,일,sat,sun,12727318_sun,post_24h,어제 밤 10시 공개 이후 증가분 확인용 수집,45.6만,456000.0,https://series.naver.com/comic/detail.series?productNo=12727318,20260823_164303,sun,일,2026-08-23 16:43:03,2026-08-23,16:43:03,2026-08-23 16:54:31,2026-08-23 16:54:34,2.72,2026-08-23 16:54:34,2026-08-23,16:54:34,2026-08-23 16:58:52,949.06,True,20260822_164006,2026-08-22 16:43:34,45.5만,455000.0,1000.0,0.002197802197802198,2026-08-23 16:54:34
sun,49,구운몽 제로,민송아,840163,https://comic.naver.com/webtoon/list?titleId=840163&tab=sun,12754950,구운몽 제로,구운몽 제로 (총 56화/미완결),총 56화/미완결,56.0,미완결,,,https://series.naver.com/comic/detail.series?productNo=12754950,matched,ok,"구운몽 제로 (총 56화/미완결)
평점
10.0 | 민송아 민송아 | 2026.06.06. | 총56화/미완결 | 51화 무료
현대 배경의 이세계로 소환된 대한민국 20살 '양소유'가 용을 잡고 다시 현실 세계로 돌아가기까지의 이야기.고전 구운몽..... 의 거의 이름만 빌려온 먼치킨/상태창 없는 현대액션판타지 만화.",sun,1,sun,1,sat,sun,True,sun,일,sat,sun,12754950_sun,post_24h,어제 밤 10시 공개 이후 증가분 확인용 수집,105.8만,1058000.0,https://series.naver.com/comic/detail.series?productNo=12754950,20260823_164303,sun,일,2026-08-23 16:43:03,2026-08-23,16:43:03,2026-08-23 16:54:35,2026-08-23 16:54:38,2.69,2026-08-23 16:54:38,2026-08-23,16:54:38,2026-08-23 16:58:52,949.06,True,20260822_164006,2026-08-22 16:43:38,105.8만,1058000.0,0.0,0.0,2026-08-23 16:54:38
sun,55,용사생활기록부,땅콩,840332,https://comic.naver.com/webtoon/list?titleId=840332&tab=sun,12786655,용사생활기록부,용사생활기록부 (총 54화/미완결),총 54화/미완결,54.0,미완결,,,https://series.naver.com/comic/detail.series?productNo=12786655,matched,ok,"용사생활기록부 (총 54화/미완결)
평점
10.0 | 땅콩 땅콩 | 2026.06.06. | 총54화/미완결 | 49화 무료
뒤앙밍크 소울...아니, 대한민국 서울의 어느 고등학교. 이곳에 용사와 마법사,엘프가 있다?!평범한 고등학생 '윤희원'과 예측불가능한 용사의 동료들이 펼치는 좌충우돌 대한민국 생존기!",sun,1,sun,1,sat,sun,True,sun,일,sat,sun,12786655_sun,post_24h,어제 밤 10시 공개 이후 증가분 확인용 수집,72.2만,722000.0,https://series.naver.com/comic/detail.series?productNo=12786655,20260823_164303,sun,일,2026-08-23 16:43:03,2026-08-23,16:43:03,2026-08-23 16:54:39,2026-08-23 16:54:41,2.24,2026-08-23 16:54:41,2026-08-23,16:54:41,2026-08-23 16:58:52,949.06,True,20260822_164006,2026-08-22 16:43:42,72만,720000.0,2000.0,0.002777777777777778,2026-08-23 16:54:41
sun,7,태존비록,김꿀빨,840687,https://comic.naver.com/webtoon/list?titleId=840687&tab=sun,12845401,태존비록,태존비록 (총 50화/미완결),총 50화/미완결,50.0,미완결,,,https://series.naver.com/comic/detail.series?productNo=12845401,matched,ok,"태존비록 (총 50화/미완결)
평점
9.8 | 비가, 김꿀빨 레드훅 | 2026.05.30. | 총50화/미완결 | 46화 무료
『태존비록』천하의 겁난을 종식시킨 위대한 무인.광휘무존(光輝武尊) 위연호(魏衍澔).그는 군자(君子)였으며, 대인(大人)이었고, 대협(大俠)이었…….""그 인간, 그거 완전 인간 말종이거든.""차마 세상에 알릴 수 없는 진실.고금..",sun,1,sun,1,sat,sun,True,sun,일,sat,sun,12845401_sun,post_24h,어제 밤 10시 공개 이후 증가분 확인용 수집,523.3만,5233000.0,https://series.naver.com/comic/detail.series?productNo=12845401,20260823_164303,sun,일,2026-08-23 16:43:03,2026-08-23,16:43:03,2026-08-23 16:54:43,2026-08-23 16:54:45,1.9,2026-08-23 16:54:45,2026-08-23,16:54:45,2026-08-23 16:58:52,949.06,True,20260822_164006,2026-08-22 16:43:46,521.1만,5211000.0,22000.0,0.00422183841872961,2026-08-23 16:54:45
sun,70,첫 고백,희똑,840969,https://comic.naver.com/webtoon/list?titleId=840969&tab=sun,12908635,첫 고백,첫 고백 (총 52화/미완결),총 52화/미완결,52.0,미완결,,,https://series.naver.com/comic/detail.series?productNo=12908635,matched,ok,"첫 고백 (총 52화/미완결)
평점
10.0 | 호애, 희똑 희똑 | 2026.06.06. | 총52화/미완결 | 46화 무료
""너랑 자고 싶어""""...뭐?""""성지원이랑 하고 싶다고""20살이 되던 날.너랑 추억 한 점 남겨보려 밤을 보냈다.그렇게 10년 만에 재회한 주성현,여전히 잘생겼...""무이자 대출, 한도는 자유, 상환은 안 해도 그만.""""...뭐?""""계속해 줘, 동거..",sun,1,sun,1,sat,sun,True,sun,일,sat,sun,12908635_sun,post_24h,어제 밤 10시 공개 이후 증가분 확인용 수집,101.9만,1019000.0,https://series.naver.com/comic/detail.series?productNo=12908635,20260823_164303,sun,일,2026-08-23 16:43:03,2026-08-23,16:43:03,2026-08-23 16:54:46,2026-08-23 16:54:48,1.92,2026-08-23 16:54:48,2026-08-23,16:54:48,2026-08-23 16:58:52,949.06,True,20260822_164006,2026-08-22 16:43:50,101.6만,1016000.0,3000.0,0.002952755905511811,2026-08-23 16:54:48
sun,74,덤벙덤벙 내인생,덤덤,841876,https://comic.naver.com/webtoon/list?titleId=841876&tab=sun,13012047,덤벙덤벙 내인생,덤벙덤벙 내인생 (총 48화/미완결),총 48화/미완결,48.0,미완결,덤덤 덤덤,평점 10.0 | 덤덤 덤덤 | 2026.06.13. | 총48화/미완결 | 43화 무료,https://series.naver.com/comic/detail.series?productNo=13012047,matched,ok,"덤벙덤벙 내인생 (총 48화/미완결)
평점
10.0 | 덤덤 덤덤 | 2026.06.13. | 총48화/미완결 | 43화 무료
덤벙덤벙 어떻게든 살아가는 중인 ADHD어른이의 일상 극복기",sun,1,sun,1,sat,sun,True,sun,일,sat,sun,13012047_sun,post_24h,어제 밤 10시 공개 이후 증가분 확인용 수집,28만,280000.0,https://series.naver.com/comic/detail.series?productNo=13012047,20260823_164303,sun,일,2026-08-23 16:43:03,2026-08-23,16:43:03,2026-08-23 16:54:49,2026-08-23 16:54:51,2.09,2026-08-23 16:54:51,2026-08-23,16:54:51,2026-08-23 16:58:52,949.06,True,20260822_164006,2026-08-22 16:43:53,28만,280000.0,0.0,0.0,2026-08-23 16:54:51
sun,54,숨쉬지마,린세,841941,https://comic.naver.com/webtoon/list?titleId=841941&tab=sun,13023760,숨쉬지마,숨쉬지마 (총 47화/미완결),총 47화/미완결,47.0,미완결,,,https://series.naver.com/comic/detail.series?productNo=13023760,matched,ok,"숨쉬지마 (총 47화/미완결)
평점
9.8 | 린세 드로잉창고 | 2026.06.06. | 총47화/미완결 | 42화 무료
불의의 사고로 꿈을 잃은 남자 주인공 수영은 여동생 희수와 함께 크루즈 여행을 떠난다.하지만 그곳엔 알 수 없는 바이러스가 퍼지게 되고, 사람의 머리를 가져가는 괴물이 사람들을 공격한다. 그 과정에서 주인공은 여동생과 ..",sun,1,sun,1,sat,sun,True,sun,일,sat,sun,13023760_sun,post_24h,어제 밤 10시 공개 이후 증가분 확인용 수집,75.7만,757000.0,https://series.naver.com/comic/detail.series?productNo=13023760,20260823_164303,sun,일,2026-08-23 16:43:03,2026-08-23,16:43:03,2026-08-23 16:54:52,2026-08-23 16:54:54,2.48,2026-08-23 16:54:54,2026-08-23,16:54:54,2026-08-23 16:58:52,949.06,True,20260822_164006,2026-08-22 16:43:57,75.6만,756000.0,1000.0,0.0013227513227513227,2026-08-23 16:54:54
sun,79,사내 계약 연애,,842148,https://comic.naver.com/webtoon/list?titleId=842148&tab=sun,13046250,사내 계약 연애,사내 계약 연애 (총 48화/미완결),총 48화/미완결,48.0,미완결,"최무탁, 미리엄 울","평점 9.9 | 최무탁, 미리엄 울 | 2026.06.13. | 총48화/미완결 | 42화 무료",https://series.naver.com/comic/detail.series?productNo=13046250,matched,ok,"사내 계약 연애 (총 48화/미완결)
평점
9.9 | 최무탁, 미리엄 울 | 2026.06.13. | 총48화/미완결 | 42화 무료
예쁘고 잘생긴 것, '미'를 애정하는 서윤.그리고 그런 그녀가 더 애정하는 것은바로 미의 남녀가 서로를 사랑스럽게 탐하는 19금 만화책!그런데 이 미적 추구미에 도달하는 남자가가장 가까이에 그녀의 직속 상사로 있었으니.....",sun,1,sun,1,sat,sun,True,sun,일,sat,sun,13046250_sun,post_24h,어제 밤 10시 공개 이후 증가분 확인용 수집,58만,580000.0,https://series.naver.com/comic/detail.series?productNo=13046250,20260823_164303,sun,일,2026-08-23 16:43:03,2026-08-23,16:43:03,2026-08-23 16:54:56,2026-08-23 16:54:58,2.39,2026-08-23 16:54:58,2026-08-23,16:54:58,2026-08-23 16:58:52,949.06,True,20260822_164006,2026-08-22 16:44:01,57.9만,579000.0,1000.0,0.0017271157167530224,2026-08-23 16:54:58
fri,24,용사파티만화,칰타,842647,https://comic.naver.com/webtoon/list?titleId=842647&tab=fri,13101435,용사파티만화,용사파티만화 (총 129화/미완결),총 129화/미완결,129.0,미완결,,,https://series.naver.com/comic/detail.series?productNo=13101435,matched,ok,"용사파티만화 (총 129화/미완결)
평점
10.0 | 칰타 랴코 | 2026.06.06. | 총129화/미완결 | 119화 무료
흔해 빠진 이세계에 어딘가 나사 빠진 용사 파티가 나타났다!자칭 용사 꼬마 탱커 파밍, 음침 수인 마법사 해피, 겉과 속이 다른 변태 수녀 클레어, 생각보다 너무 비겁한 도적 김도적까지...쪼렙 모험가답지 않게 우연히 이런 저..","fri,sat,sun",3,"fri,sat,sun",3,"thu,fri,sat","fri,sat,sun",True,sun,일,sat,sun,13101435_sun,post_24h,어제 밤 10시 공개 이후 증가분 확인용 수집,181.2만,1812000.0,https://series.naver.com/comic/detail.series?productNo=13101435,20260823_164303,sun,일,2026-08-23 16:43:03,2026-08-23,16:43:03,2026-08-23 16:54:59,2026-08-23 16:55:02,2.57,2026-08-23 16:55:02,2026-08-23,16:55:02,2026-08-23 16:58:52,949.06,True,20260822_164006,2026-08-22 16:44:04,180만,1800000.0,12000.0,0.006666666666666667,2026-08-23 16:55:02
sun,69,연산군의 셰프로 살아남기,뉴로크 스튜디오,842674,https://comic.naver.com/webtoon/list?titleId=842674&tab=sun,13089785,연산군의 셰프로 살아남기,연산군의 셰프로 살아남기 (총 45화/미완결),총 45화/미완결,45.0,미완결,,,https://series.naver.com/comic/detail.series?productNo=13089785,matched,ok,"연산군의 셰프로 살아남기 (총 45화/미완결)
평점
9.8 | 박국재, 뉴로크 스튜디오 정오 | 2026.06.06. | 총45화/미완결 | 39화 무료
<연산군의 셰프로 살아남기: [폭군의 셰프 원작]>""이 요리가 대체 무엇이냐?""""…치킨이옵니다, 전하""조선 최고의 폭군, 치킨 맛에 눈뜨다?!한창 주목받던 프렌치 셰프, 연지영은 어느 날 의문의 사고로 조선에 떨어져 연산군의..",sun,1,sun,1,sat,sun,True,sun,일,sat,sun,13089785_sun,post_24h,어제 밤 10시 공개 이후 증가분 확인용 수집,50만,500000.0,https://series.naver.com/comic/detail.series?productNo=13089785,20260823_164303,sun,일,2026-08-23 16:43:03,2026-08-23,16:43:03,2026-08-23 16:55:03,2026-08-23 16:55:06,2.7,2026-08-23 16:55:06,2026-08-23,16:55:06,2026-08-23 16:58:52,949.06,True,20260822_164006,2026-08-22 16:44:07,49.9만,499000.0,1000.0,0.002004008016032064,2026-08-23 16:55:06
sun,27,소녀바둑,큐띠뿅,842839,https://comic.naver.com/webtoon/list?titleId=842839&tab=sun,13129419,소녀바둑,소녀바둑 (총 42화/미완결),총 42화/미완결,42.0,미완결,,,https://series.naver.com/comic/detail.series?productNo=13129419,matched,ok,"소녀바둑 (총 42화/미완결)
평점
9.9 | 큐띠뿅 큐띠뿅 | 2026.06.06. | 총42화/미완결 | 37화 무료
바둑의 한 수는 바다 혹은 우주. 그 끝에는 무엇이 있을까?그 안에서 잃어버린 것을 찾는 소녀와 소년의 이야기.",sun,1,sun,1,sat,sun,True,sun,일,sat,sun,13129419_sun,post_24h,어제 밤 10시 공개 이후 증가분 확인용 수집,162.6만,1626000.0,https://series.naver.com/comic/detail.series?productNo=13129419,20260823_164303,sun,일,2026-08-23 16:43:03,2026-08-23,16:43:03,2026-08-23 16:55:07,2026-08-23 16:55:09,2.07,2026-08-23 16:55:09,2026-08-23,16:55:09,2026-08-23 16:58:52,949.06,True,20260822_164006,2026-08-22 16:44:12,162.2만,1622000.0,4000.0,0.002466091245376079,2026-08-23 16:55:09
sun,73,오리짱!,우영영,842892,https://comic.naver.com/webtoon/list?titleId=842892&tab=sun,13141810,오리짱!,오리짱! (총 42화/미완결),총 42화/미완결,42.0,미완결,,,https://series.naver.com/comic/detail.series?productNo=13141810,matched,ok,"오리짱! (총 42화/미완결)
평점
10.0 | 우영영 우영영 | 2026.06.06. | 총42화/미완결 | 37화 무료
길에서 지갑을 떨어트린 지우를 쫓아온 정체불명의 오리. 지우는 오리를 집에 들이게 되고, 새로운 집에 입성하게 된 오리는 빠르게 그들의 삶에 물들어간다. 그리고 벌어지는.. 오리방정 하루들!",sun,1,sun,1,sat,sun,True,sun,일,sat,sun,13141810_sun,post_24h,어제 밤 10시 공개 이후 증가분 확인용 수집,39.3만,393000.0,https://series.naver.com/comic/detail.series?productNo=13141810,20260823_164303,sun,일,2026-08-23 16:43:03,2026-08-23,16:43:03,2026-08-23 16:55:10,2026-08-23 16:55:12,2.07,2026-08-23 16:55:12,2026-08-23,16:55:12,2026-08-23 16:58:52,949.06,True,20260822_164006,2026-08-22 16:44:15,39.3만,393000.0,0.0,0.0,2026-08-23 16:55:12
sun,93,사랑 안 해!,님니,843128,https://comic.naver.com/webtoon/list?titleId=843128&tab=sun,13177886,사랑 안 해!,사랑 안 해! (총 41화/미완결),총 41화/미완결,41.0,미완결,,,https://series.naver.com/comic/detail.series?productNo=13177886,matched,ok,"사랑 안 해! (총 41화/미완결)
평점
9.9 | 님니 | 2026.06.06. | 총41화/미완결 | 36화 무료
1970년대. 보육원에서 자란 '목련'은 고생 끝에 사랑하는 남편을 만나 행복한 나날을 보내지만, 남편이 친구와 바람피우는 현장을 목격한 후 사고로 죽게 된다. 시간이 흘러 '안혜서'로 환생한 목련은 이번 생에는 사랑 따위 하..",sun,1,sun,1,sat,sun,True,sun,일,sat,sun,13177886_sun,post_24h,어제 밤 10시 공개 이후 증가분 확인용 수집,31.8만,318000.0,https://series.naver.com/comic/detail.series?productNo=13177886,20260823_164303,sun,일,2026-08-23 16:43:03,2026-08-23,16:43:03,2026-08-23 16:55:14,2026-08-23 16:55:16,2.08,2026-08-23 16:55:16,2026-08-23,16:55:16,2026-08-23 16:58:52,949.06,True,20260822_164006,2026-08-22 16:44:18,31.6만,316000.0,2000.0,0.006329113924050633,2026-08-23 16:55:16
sun,64,논 투아,나윤희,843754,https://comic.naver.com/webtoon/list?titleId=843754&tab=sun,13251198,논 투아,논 투아 (총 38화/미완결),총 38화/미완결,38.0,미완결,,,https://series.naver.com/comic/detail.series?productNo=13251198,matched,ok,"논 투아 (총 38화/미완결)
평점
9.9 | 나윤희 나윤희 | 2026.06.06. | 총38화/미완결 | 33화 무료
황제, 그리고 수천의 신을 섬기던 1세기의 로마 제국.그중 화로의 여신 베스타(Vesta)을 섬기는 신녀들이 있다.처녀신 베스타를 따라 그 자신도 사내와 통정하지 말아야 하며, 이를 어길 시 지하에 파묻혀 죽게 되리라.",sun,1,sun,1,sat,sun,True,sun,일,sat,sun,13251198_sun,post_24h,어제 밤 10시 공개 이후 증가분 확인용 수집,70.4만,704000.0,https://series.naver.com/comic/detail.series?productNo=13251198,20260823_164303,sun,일,2026-08-23 16:43:03,2026-08-23,16:43:03,2026-08-23 16:55:17,2026-08-23 16:55:19,2.41,2026-08-23 16:55:19,2026-08-23,16:55:19,2026-08-23 16:58:52,949.06,True,20260822_164006,2026-08-22 16:44:22,70.2만,702000.0,2000.0,0.002849002849002849,2026-08-23 16:55:19
sun,43,괴물 천재선수들이 날 너무 좋아함,조약돌,843901,https://comic.naver.com/webtoon/list?titleId=843901&tab=sun,13268270,괴물 천재선수들이 날 너무 좋아함,괴물 천재선수들이 날 너무 좋아함 (총 35화/미완결),총 35화/미완결,35.0,미완결,,,https://series.naver.com/comic/detail.series?productNo=13268270,matched,ok,"괴물 천재선수들이 날 너무 좋아함 (총 35화/미완결)
평점
9.7 | 조약돌, 혜인태 조약돌 | 2026.06.07. | 총35화/미완결 | 32화 무료
유틸천재 야구선수, 에이스들의 사랑을 독식한다.",sun,1,sun,1,sat,sun,True,sun,일,sat,sun,13268270_sun,post_24h,어제 밤 10시 공개 이후 증가분 확인용 수집,155.2만,1552000.0,https://series.naver.com/comic/detail.series?productNo=13268270,20260823_164303,sun,일,2026-08-23 16:43:03,2026-08-23,16:43:03,2026-08-23 16:55:21,2026-08-23 16:55:23,2.45,2026-08-23 16:55:23,2026-08-23,16:55:23,2026-08-23 16:58:52,949.06,True,20260822_164006,2026-08-22 16:44:26,155.1만,1551000.0,1000.0,0.0006447453255963894,2026-08-23 16:55:23
sun,29,"20 중반, 성공이란 무엇인가",김동훈,843922,https://comic.naver.com/webtoon/list?titleId=843922&tab=sun,13274467,"20 중반, 성공이란 무엇인가","20 중반, 성공이란 무엇인가 (총 39화/미완결)",총 39화/미완결,39.0,미완결,,,https://series.naver.com/comic/detail.series?productNo=13274467,matched,ok,"20 중반, 성공이란 무엇인가 (총 39화/미완결)
평점
9.2 | 김동훈 김동훈 | 2026.06.06. | 총39화/미완결 | 34화 무료
'솔직히 내가 성공 안 하면 누가 하냐?'자기 객관화 0%의 성공 집착남 동훈이의 이십춘기 성장통...",sun,1,sun,1,sat,sun,True,sun,일,sat,sun,13274467_sun,post_24h,어제 밤 10시 공개 이후 증가분 확인용 수집,126.3만,1263000.0,https://series.naver.com/comic/detail.series?productNo=13274467,20260823_164303,sun,일,2026-08-23 16:43:03,2026-08-23,16:43:03,2026-08-23 16:55:25,2026-08-23 16:55:27,2.44,2026-08-23 16:55:27,2026-08-23,16:55:27,2026-08-23 16:58:52,949.06,True,20260822_164006,2026-08-22 16:44:29,125.6만,1256000.0,7000.0,0.005573248407643312,2026-08-23 16:55:27
sun,95,마녀의 눈물은 독이 된다,샤냠,844240,https://comic.naver.com/webtoon/list?titleId=844240&tab=sun,13316539,마녀의 눈물은 독이 된다,마녀의 눈물은 독이 된다 (총 37화/미완결),총 37화/미완결,37.0,미완결,,,https://series.naver.com/comic/detail.series?productNo=13316539,matched,ok,"마녀의 눈물은 독이 된다 (총 37화/미완결)
평점
10.0 | 샤냠 소나 | 2026.06.06. | 총37화/미완결 | 32화 무료
백작 영애이자 영매의 능력이 있는 카트린. 어느 날 카트린은 사람의 죽음마저 맞히는 점술가 ‘라 누아르’가 사실은 사람들을 독살해 가며 점을 맞히고 있다는 사실과, ‘라 누아르’의 독을 이용해 자신과 아버지를 독살하..",sun,1,sun,1,sat,sun,True,sun,일,sat,sun,13316539_sun,post_24h,어제 밤 10시 공개 이후 증가분 확인용 수집,8만,80000.0,https://series.naver.com/comic/detail.series?productNo=13316539,20260823_164303,sun,일,2026-08-23 16:43:03,2026-08-23,16:43:03,2026-08-23 16:55:29,2026-08-23 16:55:31,2.02,2026-08-23 16:55:31,2026-08-23,16:55:31,2026-08-23 16:58:52,949.06,True,20260822_164006,2026-08-22 16:44:33,8만,80000.0,0.0,0.0,2026-08-23 16:55:31
sun,25,해시태그는 첫사랑,KAN,844730,https://comic.naver.com/webtoon/list?titleId=844730&tab=sun,13367561,해시태그는 첫사랑,해시태그는 첫사랑 (총 33화/미완결),총 33화/미완결,33.0,미완결,,,https://series.naver.com/comic/detail.series?productNo=13367561,matched,ok,"해시태그는 첫사랑 (총 33화/미완결)
평점
10.0 | KAN KAN | 2026.06.06. | 총33화/미완결 | 29화 무료
사람들의 진심이 ‘해시태그’로 보이게 된 전교 1등 연이솔. 그런데 첫사랑 성신우가 자신에게 ‘#첫사랑이었던_쓰레기’라는 태그를 달았다?! 이유도 모른 채 버림받았던 상처가 되살아나고, 이솔은 신우를 싫어하는 백설..",sun,1,sun,1,sat,sun,True,sun,일,sat,sun,13367561_sun,post_24h,어제 밤 10시 공개 이후 증가분 확인용 수집,288.8만,2888000.0,https://series.naver.com/comic/detail.series?productNo=13367561,20260823_164303,sun,일,2026-08-23 16:43:03,2026-08-23,16:43:03,2026-08-23 16:55:33,2026-08-23 16:55:35,2.58,2026-08-23 16:55:35,2026-08-23,16:55:35,2026-08-23 16:58:52,949.06,True,20260822_164006,2026-08-22 16:44:36,287.3만,2873000.0,15000.0,0.005221023320570832,2026-08-23 16:55:35
sun,33,양아치의 첫사랑,치치,844812,https://comic.naver.com/webtoon/list?titleId=844812&tab=sun,13382752,양아치의 첫사랑,양아치의 첫사랑 (총 33화/미완결),총 33화/미완결,33.0,미완결,,,https://series.naver.com/comic/detail.series?productNo=13382752,matched,ok,"양아치의 첫사랑 (총 33화/미완결)
평점
10.0 | 치치 치치 | 2026.06.06. | 총33화/미완결 | 28화 무료
‘그 시절, 내가 좋아한 양아치 남자애도 날 좋아했었다.’도래는 대학에서 5년 만에 첫사랑 해원을 마주친다. 그리고 뒤늦은 고백을 받는데.. 기쁜 마음보다는 당황스럽기만 하다.그에게는 여자친구가 있었기에! 제정신 아닌 ..",sun,1,sun,1,sat,sun,True,sun,일,sat,sun,13382752_sun,post_24h,어제 밤 10시 공개 이후 증가분 확인용 수집,206.2만,2062000.0,https://series.naver.com/comic/detail.series?productNo=13382752,20260823_164303,sun,일,2026-08-23 16:43:03,2026-08-23,16:43:03,2026-08-23 16:55:37,2026-08-23 16:55:39,2.0,2026-08-23 16:55:39,2026-08-23,16:55:39,2026-08-23 16:58:52,949.06,True,20260822_164006,2026-08-22 16:44:39,205.2만,2052000.0,10000.0,0.004873294346978557,2026-08-23 16:55:39
sun,60,고덕춘의 푸드트럭,포포,844982,https://comic.naver.com/webtoon/list?titleId=844982&tab=sun,13407372,고덕춘의 푸드트럭,고덕춘의 푸드트럭 (총 36화/미완결),총 36화/미완결,36.0,미완결,,,https://series.naver.com/comic/detail.series?productNo=13407372,matched,ok,"고덕춘의 푸드트럭 (총 36화/미완결)
평점
9.9 | 포포 | 2026.06.06. | 총36화/미완결 | 29화 무료
돌아가신 덕춘 삼촌의 푸드트럭을 물려받은 준호. ‘고덕춘’의 이름을 전국에 알리기 위해 여행하며 요리한다. 재벌 2세 세희를 시작으로, 각 지역의 사연 있는 여자들과 얽히게 되는 준호!모두 그에게 마음을 빼앗기지만, 정..",sun,1,sun,1,sat,sun,True,sun,일,sat,sun,13407372_sun,post_24h,어제 밤 10시 공개 이후 증가분 확인용 수집,85.2만,852000.0,https://series.naver.com/comic/detail.series?productNo=13407372,20260823_164303,sun,일,2026-08-23 16:43:03,2026-08-23,16:43:03,2026-08-23 16:55:40,2026-08-23 16:55:42,2.51,2026-08-23 16:55:42,2026-08-23,16:55:42,2026-08-23 16:58:52,949.06,True,20260822_164006,2026-08-22 16:44:43,85만,850000.0,2000.0,0.002352941176470588,2026-08-23 16:55:42
sun,101,방문을 열면 그곳엔 괴물,긴편지,845387,https://comic.naver.com/webtoon/list?titleId=845387&tab=sun,13468800,방문을 열면 그곳엔 괴물,방문을 열면 그곳엔 괴물 (총 20화/미완결),총 20화/미완결,20.0,미완결,긴편지 긴편지,평점 9.8 | 긴편지 긴편지 | 2026.08.15. | 총20화/미완결 | 16화 무료,https://series.naver.com/comic/detail.series?productNo=13468800,matched,ok,"방문을 열면 그곳엔 괴물 (총 20화/미완결)
평점
9.8 | 긴편지 긴편지 | 2026.08.15. | 총20화/미완결 | 16화 무료
모경은 의문의 누군가에게 택배를 받는다.안에는 장검이 한 자루.’곧 쓸 일이 생길 테니 준비하라‘는 문자도 받는다.며칠 후, 집 안에 ’문‘이 생기고 기이한 능력을 쓰는 침입자들이 ’그놈 핏줄‘을 찾는다며 엄마를 납치..",sun,1,sun,1,sat,sun,True,sun,일,sat,sun,13468800_sun,post_24h,어제 밤 10시 공개 이후 증가분 확인용 수집,3.3만,33000.0,https://series.naver.com/comic/detail.series?productNo=13468800,20260823_164303,sun,일,2026-08-23 16:43:03,2026-08-23,16:43:03,2026-08-23 16:55:44,2026-08-23 16:55:46,2.0,2026-08-23 16:55:46,2026-08-23,16:55:46,2026-08-23 16:58:52,949.06,True,20260822_164006,2026-08-22 16:44:46,3.3만,33000.0,0.0,0.0,2026-08-23 16:55:46
sun,15,하남자의 탑 공략법,표표,845508,https://comic.naver.com/webtoon/list?titleId=845508&tab=sun,13497877,하남자의 탑 공략법 [독점],하남자의 탑 공략법 [독점] (총 32화/미완결),총 32화/미완결,32.0,미완결,,,https://series.naver.com/comic/detail.series?productNo=13497877,matched,ok,"하남자의 탑 공략법 [독점] (총 32화/미완결)
평점
9.9 | 표표, 꾸찌꾸찌 플랜에이 | 2026.06.06. | 총32화/미완결 | 26화 무료
어느 날 지구 곳곳에 정체불명의 검은 탑이 솟아오르며, 극소수 인류의 각성이 시작된다.하지만 겁 많고 소심한 하남자 봉주혁과는 인연 없는 일일뿐.오늘도 알바로 고생한 몸뚱이에 라면 한 입 넣어주려는데…[봉주혁님은 각..",sun,1,sun,1,sat,sun,True,sun,일,sat,sun,13497877_sun,post_24h,어제 밤 10시 공개 이후 증가분 확인용 수집,324.3만,3243000.0,https://series.naver.com/comic/detail.series?productNo=13497877,20260823_164303,sun,일,2026-08-23 16:43:03,2026-08-23,16:43:03,2026-08-23 16:55:47,2026-08-23 16:55:49,1.99,2026-08-23 16:55:49,2026-08-23,16:55:49,2026-08-23 16:58:52,949.06,True,20260822_164006,2026-08-22 16:44:49,322.2만,3222000.0,21000.0,0.006517690875232775,2026-08-23 16:55:49
thu,103,수사중 연애금지!,이재홍,846335,https://comic.naver.com/webtoon/list?titleId=846335&tab=thu,13585933,수사중 연애금지!,수사중 연애금지! (총 53화/미완결),총 53화/미완결,53.0,미완결,,,https://series.naver.com/comic/detail.series?productNo=13585933,matched,ok,"수사중 연애금지! (총 53화/미완결)
평점
10.0 | 이재홍 | 2026.06.06. | 총53화/미완결 | 44화 무료
밝고 유쾌한 막내 형사 차연진. 냉혹한 조폭 보스 안태하를 붙잡아야 한다.긴장과 코믹 속에서, 미묘하게 흔들리는 두 사람의 예측 불가 로맨스!","thu,sun",2,"thu,sun",2,"wed,sat","thu,sun",True,sun,일,sat,sun,13585933_sun,post_24h,어제 밤 10시 공개 이후 증가분 확인용 수집,4.7만,47000.0,https://series.naver.com/comic/detail.series?productNo=13585933,20260823_164303,sun,일,2026-08-23 16:43:03,2026-08-23,16:43:03,2026-08-23 16:55:51,2026-08-23 16:55:53,2.69,2026-08-23 16:55:53,2026-08-23,16:55:53,2026-08-23 16:58:52,949.06,True,20260822_164006,2026-08-22 16:44:53,4.7만,47000.0,0.0,0.0,2026-08-23 16:55:53
sun,18,세상에 나쁜 영애는 없다,신희빈,846779,https://comic.naver.com/webtoon/list?titleId=846779&tab=sun,13634266,세상에 나쁜 영애는 없다,세상에 나쁜 영애는 없다 (총 28화/미완결),총 28화/미완결,28.0,미완결,,,https://series.naver.com/comic/detail.series?productNo=13634266,matched,ok,"세상에 나쁜 영애는 없다 (총 28화/미완결)
평점
9.9 | 코리타, 신희빈 팀 핑크샥 | 2026.06.06. | 총28화/미완결 | 20화 무료
귀족 영애라는 족속들은 싸가지가 없거나, 머리에 꽃밭밖에 없다.그런 말이 무성하던 시대에도, 그녀들을 가르치는 사람이 있었으니,평민 ‘데릭’은 마법 재능을 깨닫고 용병으로 활약하던 중,어느 날 귀족 영애들의 마법 교..",sun,1,sun,1,sat,sun,True,sun,일,sat,sun,13634266_sun,post_24h,어제 밤 10시 공개 이후 증가분 확인용 수집,285.6만,2856000.0,https://series.naver.com/comic/detail.series?productNo=13634266,20260823_164303,sun,일,2026-08-23 16:43:03,2026-08-23,16:43:03,2026-08-23 16:55:54,2026-08-23 16:55:56,2.21,2026-08-23 16:55:56,2026-08-23,16:55:56,2026-08-23 16:58:52,949.06,True,20260822_164006,2026-08-22 16:44:57,284.1만,2841000.0,15000.0,0.005279831045406547,2026-08-23 16:55:56
sun,61,사이코패스 흑막과 파혼하는 50가지 방법,무지,847615,https://comic.naver.com/webtoon/list?titleId=847615&tab=sun,13718245,사이코패스 흑막과 파혼하는 50가지 방법,사이코패스 흑막과 파혼하는 50가지 방법 (총 21화/미완결),총 21화/미완결,21.0,미완결,,,https://series.naver.com/comic/detail.series?productNo=13718245,matched,ok,"사이코패스 흑막과 파혼하는 50가지 방법 (총 21화/미완결)
평점
10.0 | 무지 SOON | 2026.06.06. | 총21화/미완결 | 16화 무료
평생 가족과 약혼자에게 순종하며 살아오던 엑스트라, 이벨린 플로렌스.약혼자의 바람을 목격하고 생전 처음으로 술에 진탕 취해 잠들었는데...원작 속 사이코패스 흑막 하르데온 공작 옆에서 눈을 떠버렸다.계약 결혼 동의서에..",sun,1,sun,1,sat,sun,True,sun,일,sat,sun,13718245_sun,post_24h,어제 밤 10시 공개 이후 증가분 확인용 수집,67.5만,675000.0,https://series.naver.com/comic/detail.series?productNo=13718245,20260823_164303,sun,일,2026-08-23 16:43:03,2026-08-23,16:43:03,2026-08-23 16:55:57,2026-08-23 16:55:59,1.92,2026-08-23 16:55:59,2026-08-23,16:55:59,2026-08-23 16:58:52,949.06,True,20260822_164006,2026-08-22 16:45:00,67.2만,672000.0,3000.0,0.004464285714285714,2026-08-23 16:55:59
sun,44,화스트 페이스,,847905,https://comic.naver.com/webtoon/list?titleId=847905&tab=sun,13750354,화스트 페이스,화스트 페이스 (총 24화/미완결),총 24화/미완결,24.0,미완결,NO_Teamkill NO_Teamkill,평점 9.9 | NO_Teamkill NO_Teamkill | 2026.06.13. | 총24화/미완결 | 20화 무료,https://series.naver.com/comic/detail.series?productNo=13750354,review_needed,not_found,"화스트 페이스 (총 24화/미완결)
평점
9.9 | NO_Teamkill NO_Teamkill | 2026.06.13. | 총24화/미완결 | 20화 무료
화스트 페이스! 상황 발생! 상황 발생!현재 적 대규모 도발로 인해 준전시상태 돌입!전 병력 전투 장비 구비하고 즉각 출동 준비할 수 있도록!제1부 화스트페이스!제2부 20XX년 XX월 XX일 21시44분!제3부 발령권자 군단장!..",sun,1,sun,1,sat,sun,True,sun,일,sat,sun,13750354_sun,post_24h,어제 밤 10시 공개 이후 증가분 확인용 수집,,,https://nid.naver.com/nidlogin.login?svctype=128&a_version=2&viewtype=1&url=http%3A%2F%2Fseries.naver.com%2Fcomic%2Fdetail.series%3FproductNo%3D13750354&surl=https%3A%2F%2Fseries.naver.com,20260823_164303,sun,일,2026-08-23 16:43:03,2026-08-23,16:43:03,2026-08-23 16:56:00,2026-08-23 16:56:16,15.24,2026-08-23 16:56:16,2026-08-23,16:56:16,2026-08-23 16:58:52,949.06,True,20260822_164006,2026-08-22 16:45:17,,,,,2026-08-23 16:56:16
sun,2,범죄도시0,박태준,848000,https://comic.naver.com/webtoon/list?titleId=848000&tab=sun,13753391,범죄도시0,범죄도시0 (총 22화/미완결),총 22화/미완결,22.0,미완결,,,https://series.naver.com/comic/detail.series?productNo=13753391,matched,ok,"범죄도시0 (총 22화/미완결)
평점
9.5 | 박태준 정종택 | 2026.06.06. | 총22화/미완결 | 17화 무료
통쾌하게 싹 쓸어버린다!괴물형사 마석도의 초보 시절!최악,최강의 조폭을 소탕하기 위한 은밀한 작전이 시작된다. 영화 <범죄도시> 시리즈의 공식 프리퀄 웹툰",sun,1,sun,1,sat,sun,True,sun,일,sat,sun,13753391_sun,post_24h,어제 밤 10시 공개 이후 증가분 확인용 수집,395.9만,3959000.0,https://series.naver.com/comic/detail.series?productNo=13753391,20260823_164303,sun,일,2026-08-23 16:43:03,2026-08-23,16:43:03,2026-08-23 16:56:17,2026-08-23 16:56:19,2.04,2026-08-23 16:56:19,2026-08-23,16:56:19,2026-08-23 16:58:52,949.06,True,20260822_164006,2026-08-22 16:45:21,393.8만,3938000.0,21000.0,0.005332656170644997,2026-08-23 16:56:19
sun,21,부활소년,류,848075,https://comic.naver.com/webtoon/list?titleId=848075&tab=sun,13766310,부활소년,부활소년 (총 25화/미완결),총 25화/미완결,25.0,미완결,,,https://series.naver.com/comic/detail.series?productNo=13766310,matched,ok,"부활소년 (총 25화/미완결)
평점
9.7 | 류 류 | 2026.06.06. | 총25화/미완결 | 20화 무료
부활의 심장을 가진 소년.수백 번의 죽음도 그를 죽이지 못한다.평생 그와 친구들의 능력을 억압한 연구소,지오는 그곳을 향해 움직인다",sun,1,sun,1,sat,sun,True,sun,일,sat,sun,13766310_sun,post_24h,어제 밤 10시 공개 이후 증가분 확인용 수집,181.3만,1813000.0,https://series.naver.com/comic/detail.series?productNo=13766310,20260823_164303,sun,일,2026-08-23 16:43:03,2026-08-23,16:43:03,2026-08-23 16:56:20,2026-08-23 16:56:23,2.25,2026-08-23 16:56:23,2026-08-23,16:56:23,2026-08-23 16:58:52,949.06,True,20260822_164006,2026-08-22 16:45:25,180.6만,1806000.0,7000.0,0.003875968992248062,2026-08-23 16:56:23
sun,96,미스테리 쇼크,하랑,848103,https://comic.naver.com/webtoon/list?titleId=848103&tab=sun,13772064,미스테리 쇼크,미스테리 쇼크 (총 23화/미완결),총 23화/미완결,23.0,미완결,,,https://series.naver.com/comic/detail.series?productNo=13772064,matched,ok,"미스테리 쇼크 (총 23화/미완결)
평점
10.0 | 하랑 하랑 | 2026.06.06. | 총23화/미완결 | 18화 무료
가정폭력을 겪고 있는 진주, 의존적인 성격으로 학교생활도 겉돈다.그런 진주에게 한시연이란 친구가 생기고 둘은 웹소설을 매개로 엄청 친해진다.하지만 시간이 갈수록 진주의 의존적인 성격에 힘들어진 시연은 진주에게 상..",sun,1,sun,1,sat,sun,True,sun,일,sat,sun,13772064_sun,post_24h,어제 밤 10시 공개 이후 증가분 확인용 수집,3.5만,35000.0,https://series.naver.com/comic/detail.series?productNo=13772064,20260823_164303,sun,일,2026-08-23 16:43:03,2026-08-23,16:43:03,2026-08-23 16:56:24,2026-08-23 16:56:25,1.96,2026-08-23 16:56:25,2026-08-23,16:56:25,2026-08-23 16:58:52,949.06,True,20260822_164006,2026-08-22 16:45:29,3.5만,35000.0,0.0,0.0,2026-08-23 16:56:25
sun,87,그 애의 교환일기,흑빼,848297,https://comic.naver.com/webtoon/list?titleId=848297&tab=sun,13781464,그 애의 교환일기,그 애의 교환일기 (총 19화/미완결),총 19화/미완결,19.0,미완결,,,https://series.naver.com/comic/detail.series?productNo=13781464,matched,ok,"그 애의 교환일기 (총 19화/미완결)
평점
9.7 | 흑빼 흑빼 | 2026.06.06. | 총19화/미완결 | 14화 무료
고등학교에 입학한 심민진. 그런 민진에게 다가온 백가이와 금호양.과거 왕따였던 민진에게 둘은 친구가 되어주었고, 함께 [교환일기]를 작성한다. 그렇게 즐겁게 일기를 쓰던 어느 날, 가이가 시체로 발견되었다.민진이 슬퍼하..",sun,1,sun,1,sat,sun,True,sun,일,sat,sun,13781464_sun,post_24h,어제 밤 10시 공개 이후 증가분 확인용 수집,18.5만,185000.0,https://series.naver.com/comic/detail.series?productNo=13781464,20260823_164303,sun,일,2026-08-23 16:43:03,2026-08-23,16:43:03,2026-08-23 16:56:27,2026-08-23 16:56:29,2.46,2026-08-23 16:56:29,2026-08-23,16:56:29,2026-08-23 16:58:52,949.06,True,20260822_164006,2026-08-22 16:45:31,18.4만,184000.0,1000.0,0.005434782608695652,2026-08-23 16:56:29
sun,99,7m,곤,848732,https://comic.naver.com/webtoon/list?titleId=848732&tab=sun,13856259,7m,7m (총 17화/미완결),총 17화/미완결,17.0,미완결,,,https://series.naver.com/comic/detail.series?productNo=13856259,matched,ok,"7m (총 17화/미완결)
평점
10.0 | 곤 곤 | 2026.06.06. | 총17화/미완결 | 11화 무료
발목 부상으로 은퇴한 전설의 핸드볼 선수 ‘한강산’은 자신을 다치게 만든 원수 ‘신타로’와 손잡고, 전국 꼴등 고등학교 ‘강산공고’의 문제아들을 전국 대회에 입상시키고자 무모한 도전에 나선다.",sun,1,sun,1,sat,sun,True,sun,일,sat,sun,13856259_sun,post_24h,어제 밤 10시 공개 이후 증가분 확인용 수집,3.1만,31000.0,https://series.naver.com/comic/detail.series?productNo=13856259,20260823_164303,sun,일,2026-08-23 16:43:03,2026-08-23,16:43:03,2026-08-23 16:56:30,2026-08-23 16:56:32,1.8,2026-08-23 16:56:32,2026-08-23,16:56:32,2026-08-23 16:58:52,949.06,True,20260822_164006,2026-08-22 16:45:35,3.1만,31000.0,0.0,0.0,2026-08-23 16:56:32
sun,91,구제는 없다,우시목,849026,https://comic.naver.com/webtoon/list?titleId=849026&tab=sun,13888032,구제는 없다 [독점],구제는 없다 [독점] (총 18화/미완결),총 18화/미완결,18.0,미완결,,,https://series.naver.com/comic/detail.series?productNo=13888032,matched,ok,"구제는 없다 [독점] (총 18화/미완결)
평점
10.0 | 우시목 티오비 | 2026.06.06. | 총18화/미완결 | 12화 무료
전국을 뒤흔든 '범죄와의 전쟁'이 끝난 뒤...검사 주상우는 죄수 박도윤을 사냥개로 삼아,법과 범죄의 경계가 무너진 싸움터로 뛰어든다.혼돈의 틈에서 시작된 검사와 죄수의 위험한 공조.두 남자의 위험한 사냥이 시작된다.",sun,1,sun,1,sat,sun,True,sun,일,sat,sun,13888032_sun,post_24h,어제 밤 10시 공개 이후 증가분 확인용 수집,9.3만,93000.0,https://series.naver.com/comic/detail.series?productNo=13888032,20260823_164303,sun,일,2026-08-23 16:43:03,2026-08-23,16:43:03,2026-08-23 16:56:33,2026-08-23 16:56:35,1.92,2026-08-23 16:56:35,2026-08-23,16:56:35,2026-08-23 16:58:52,949.06,True,20260822_164006,2026-08-22 16:45:39,9.3만,93000.0,0.0,0.0,2026-08-23 16:56:35
sun,23,너만 보인단 말이야,채군,849279,https://comic.naver.com/webtoon/list?titleId=849279&tab=sun,13939347,너만 보인단 말이야,너만 보인단 말이야 (총 15화/미완결),총 15화/미완결,15.0,미완결,,,https://series.naver.com/comic/detail.series?productNo=13939347,matched,ok,"너만 보인단 말이야 (총 15화/미완결)
평점
10.0 | 채군 닷지 | 2026.06.06. | 총15화/미완결 | 10화 무료
'여자 보기를 돌 같이 하라'라는 상상친구 제이슨의 조언에 따라 모든 여자를 돌로 보기 시작한 박진용.하지만 그의 앞에 돌로 보이지 않는 여학생 선우가 나타나고, 5년 만에 보는 여자 얼굴에 진용이의 행복 회로가 돌아가는..",sun,1,sun,1,sat,sun,True,sun,일,sat,sun,13939347_sun,post_24h,어제 밤 10시 공개 이후 증가분 확인용 수집,119.9만,1199000.0,https://series.naver.com/comic/detail.series?productNo=13939347,20260823_164303,sun,일,2026-08-23 16:43:03,2026-08-23,16:43:03,2026-08-23 16:56:36,2026-08-23 16:56:39,2.66,2026-08-23 16:56:39,2026-08-23,16:56:39,2026-08-23 16:58:52,949.06,True,20260822_164006,2026-08-22 16:45:42,118.9만,1189000.0,10000.0,0.008410428931875526,2026-08-23 16:56:39
sun,98,챗윗미,조니조,849349,https://comic.naver.com/webtoon/list?titleId=849349&tab=sun,13984130,챗윗미,챗윗미 (총 14화/미완결),총 14화/미완결,14.0,미완결,,,https://series.naver.com/comic/detail.series?productNo=13984130,matched,ok,"챗윗미 (총 14화/미완결)
평점
10.0 | 조니조 | 2026.06.06. | 총14화/미완결 | 9화 무료
미대생 ‘수연’은 늦은 새벽 실습실에서 같은 과 동기 ‘유신’의 비밀을 목격한다.“너… 로보트였어?” 유신은 수연의 머리에 전기 충격을 가하려다 실패하고, 수연은 그대로 기절해버린다.그날 밤, 유신의 집에 끌려간 수..",sun,1,sun,1,sat,sun,True,sun,일,sat,sun,13984130_sun,post_24h,어제 밤 10시 공개 이후 증가분 확인용 수집,5.1만,51000.0,https://series.naver.com/comic/detail.series?productNo=13984130,20260823_164303,sun,일,2026-08-23 16:43:03,2026-08-23,16:43:03,2026-08-23 16:56:40,2026-08-23 16:56:42,2.18,2026-08-23 16:56:42,2026-08-23,16:56:42,2026-08-23 16:58:52,949.06,True,20260822_164006,2026-08-22 16:45:46,5.1만,51000.0,0.0,0.0,2026-08-23 16:56:42
sun,12,모든걸 기억하는 천재무사,Omin,849611,https://comic.naver.com/webtoon/list?titleId=849611&tab=sun,13998411,모든걸 기억하는 천재무사,모든걸 기억하는 천재무사 (총 12화/미완결),총 12화/미완결,12.0,미완결,,,https://series.naver.com/comic/detail.series?productNo=13998411,matched,ok,"모든걸 기억하는 천재무사 (총 12화/미완결)
평점
9.6 | Omin, 적설목 모기향 | 2026.06.06. | 총12화/미완결 | 7화 무료
모든걸 기억하는 삼류무사 진소운. 30년 전 마교가 재림하기 전으로 회귀하다.과거로 돌아온 사실이, 딱히 날더러 세상을 구하라는 신호로는 보이진 않는다.‘그랬다면 최소한 뭔가 특별한 능력을 주거나 장삼봉 조사의 영혼 ..",sun,1,sun,1,sat,sun,True,sun,일,sat,sun,13998411_sun,post_24h,어제 밤 10시 공개 이후 증가분 확인용 수집,270.3만,2703000.0,https://series.naver.com/comic/detail.series?productNo=13998411,20260823_164303,sun,일,2026-08-23 16:43:03,2026-08-23,16:43:03,2026-08-23 16:56:43,2026-08-23 16:56:45,1.99,2026-08-23 16:56:45,2026-08-23,16:56:45,2026-08-23 16:58:52,949.06,True,20260822_164006,2026-08-22 16:45:49,265.9만,2659000.0,44000.0,0.016547574276043624,2026-08-23 16:56:45
sun,89,악마 임시 보호 중!,원원,849730,https://comic.naver.com/webtoon/list?titleId=849730&tab=sun,13984021,악마 임시 보호 중! [독점],악마 임시 보호 중! [독점] (총 13화/미완결),총 13화/미완결,13.0,미완결,,,https://series.naver.com/comic/detail.series?productNo=13984021,matched,ok,"악마 임시 보호 중! [독점] (총 13화/미완결)
평점
9.9 | 원원 | 2026.06.06. | 총13화/미완결 | 8화 무료
[길에서 만난 어린 악마의 뒷바라지를 하게 된 단우의 좌충우돌 동거 생활! 과연 그는 무사히 평범한 일상으로 돌아갈 수 있을까..!]평범한 대학생 류단우는길에서 만난 어린 악마에게 간택(?)당해 버린다.악마는 자취방에 멋대..",sun,1,sun,1,sat,sun,True,sun,일,sat,sun,13984021_sun,post_24h,어제 밤 10시 공개 이후 증가분 확인용 수집,7.4만,74000.0,https://series.naver.com/comic/detail.series?productNo=13984021,20260823_164303,sun,일,2026-08-23 16:43:03,2026-08-23,16:43:03,2026-08-23 16:56:46,2026-08-23 16:56:49,2.69,2026-08-23 16:56:49,2026-08-23,16:56:49,2026-08-23 16:58:52,949.06,True,20260822_164006,2026-08-22 16:45:52,7.3만,73000.0,1000.0,0.0136986301369863,2026-08-23 16:56:49
sun,40,아리도록,잔디롤빵,849736,https://comic.naver.com/webtoon/list?titleId=849736&tab=sun,14024712,아리도록,아리도록 (총 12화/미완결),총 12화/미완결,12.0,미완결,,,https://series.naver.com/comic/detail.series?productNo=14024712,matched,ok,"아리도록 (총 12화/미완결)
평점
10.0 | 잔디롤빵 잔디롤빵 | 2026.06.06. | 총12화/미완결 | 7화 무료
5년 만에 다시 만난 첫사랑, 주아린.그 애는 왜 이렇게 변해버린 걸까?",sun,1,sun,1,sat,sun,True,sun,일,sat,sun,14024712_sun,post_24h,어제 밤 10시 공개 이후 증가분 확인용 수집,85.6만,856000.0,https://series.naver.com/comic/detail.series?productNo=14024712,20260823_164303,sun,일,2026-08-23 16:43:03,2026-08-23,16:43:03,2026-08-23 16:56:50,2026-08-23 16:56:52,2.09,2026-08-23 16:56:52,2026-08-23,16:56:52,2026-08-23 16:58:52,949.06,True,20260822_164006,2026-08-22 16:45:56,84.5만,845000.0,11000.0,0.01301775147928994,2026-08-23 16:56:52
sun,67,과학고 사변,고태린,849907,https://comic.naver.com/webtoon/list?titleId=849907&tab=sun,14051881,과학고 사변,과학고 사변 (총 13화/미완결),총 13화/미완결,13.0,미완결,,,https://series.naver.com/comic/detail.series?productNo=14051881,matched,ok,"과학고 사변 (총 13화/미완결)
평점
9.8 | 고태린 고태린 | 2026.06.07. | 총13화/미완결 | 8화 무료
과학고 입학과 동시에 꼴찌로 처박힌 최흰.광기와 기묘함이 득시글거리는 과학고에서, 그녀는 과연 자신의 재능을 찾아 살아남을 수 있을 것인가!",sun,1,sun,1,sat,sun,True,sun,일,sat,sun,14051881_sun,post_24h,어제 밤 10시 공개 이후 증가분 확인용 수집,18.9만,189000.0,https://series.naver.com/comic/detail.series?productNo=14051881,20260823_164303,sun,일,2026-08-23 16:43:03,2026-08-23,16:43:03,2026-08-23 16:56:53,2026-08-23 16:56:55,1.94,2026-08-23 16:56:55,2026-08-23,16:56:55,2026-08-23 16:58:52,949.06,True,20260822_164006,2026-08-22 16:45:59,18.8만,188000.0,1000.0,0.005319148936170213,2026-08-23 16:56:55
sun,11,시루/24/1km,,850068,https://comic.naver.com/webtoon/list?titleId=850068&tab=sun,14081030,19금 시루/24/1km,19금 시루/24/1km (총 12화/미완결),총 12화/미완결,12.0,미완결,6M 941,평점 10.0 | 6M 941 | 2026.06.13. | 총12화/미완결 | 7화 무료,https://series.naver.com/comic/detail.series?productNo=14081030,review_needed,not_found,"19금 시루/24/1km (총 12화/미완결)
평점
10.0 | 6M 941 | 2026.06.13. | 총12화/미완결 | 7화 무료",sun,1,sun,1,sat,sun,True,sun,일,sat,sun,14081030_sun,post_24h,어제 밤 10시 공개 이후 증가분 확인용 수집,,,https://nid.naver.com/nidlogin.login?svctype=128&a_version=2&viewtype=1&url=http%3A%2F%2Fseries.naver.com%2Fcomic%2Fdetail.series%3FproductNo%3D14081030&surl=https%3A%2F%2Fseries.naver.com,20260823_164303,sun,일,2026-08-23 16:43:03,2026-08-23,16:43:03,2026-08-23 16:56:56,2026-08-23 16:57:11,14.8,2026-08-23 16:57:11,2026-08-23,16:57:11,2026-08-23 16:58:52,949.06,True,20260822_164006,2026-08-22 16:46:16,,,,,2026-08-23 16:57:11
sun,78,뼈삼촌,깡준치,850220,https://comic.naver.com/webtoon/list?titleId=850220&tab=sun,14105495,뼈삼촌,뼈삼촌 (총 8화/미완결),총 8화/미완결,8.0,미완결,,,https://series.naver.com/comic/detail.series?productNo=14105495,matched,ok,"뼈삼촌 (총 8화/미완결)
평점
10.0 | 깡준치 깡준치 | 2026.06.06. | 총8화/미완결 | 5화 무료
'가족' 이라는 가장 소중한 것을 잊어버린 암울한 미래시대. 오랜 전쟁으로 육신마저 인간과 동떨어지게 된 주인공들이 일련의 사건들을 통해 인간성을 회복하는 이야기.",sun,1,sun,1,sat,sun,True,sun,일,sat,sun,14105495_sun,post_24h,어제 밤 10시 공개 이후 증가분 확인용 수집,4.3만,43000.0,https://series.naver.com/comic/detail.series?productNo=14105495,20260823_164303,sun,일,2026-08-23 16:43:03,2026-08-23,16:43:03,2026-08-23 16:57:12,2026-08-23 16:57:15,2.49,2026-08-23 16:57:15,2026-08-23,16:57:15,2026-08-23 16:58:52,949.06,True,20260822_164006,2026-08-22 16:46:20,4.3만,43000.0,0.0,0.0,2026-08-23 16:57:15
sun,84,몰락 끝에 네가 있다,호랭이콩,850503,https://comic.naver.com/webtoon/list?titleId=850503&tab=sun,14135339,몰락 끝에 네가 있다,몰락 끝에 네가 있다 (총 9화/미완결),총 9화/미완결,9.0,미완결,,,https://series.naver.com/comic/detail.series?productNo=14135339,matched,ok,"몰락 끝에 네가 있다 (총 9화/미완결)
평점
9.9 | 호랭이콩, 유세라 Shed | 2026.06.06. | 총9화/미완결 | 4화 무료
다른 여인을 사랑하는 남편 히페리온에게 냉대 받고, 집 안팎에서 쏟아지는 음모와 배신 속에서 카엘라는 삶의 의미를 잃어갔다. 그러던 어느 날, 전쟁의 소용돌이 한가운데에서 카엘라는 굶주림과 독, 두 가지 끝에서 생을 마..",sun,1,sun,1,sat,sun,True,sun,일,sat,sun,14135339_sun,post_24h,어제 밤 10시 공개 이후 증가분 확인용 수집,18.4만,184000.0,https://series.naver.com/comic/detail.series?productNo=14135339,20260823_164303,sun,일,2026-08-23 16:43:03,2026-08-23,16:43:03,2026-08-23 16:57:16,2026-08-23 16:57:18,2.67,2026-08-23 16:57:18,2026-08-23,16:57:18,2026-08-23 16:58:52,949.06,True,20260822_164006,2026-08-22 16:46:23,18.3만,183000.0,1000.0,0.00546448087431694,2026-08-23 16:57:18
sun,20,맹종,해무리,850546,https://comic.naver.com/webtoon/list?titleId=850546&tab=sun,14194247,맹종,맹종 (총 7화/미완결),총 7화/미완결,7.0,미완결,,,https://series.naver.com/comic/detail.series?productNo=14194247,matched,ok,"맹종 (총 7화/미완결)
평점
10.0 | 해무리 | 2026.06.06. | 총7화/미완결 | 2화 무료
만신인 할머니가 봉인해둔 뱀신, 진을 해방시킨 어린 화림은 진에게 몸을 빼앗기고, 화림을 살리기 위해 할머니는 자신의 목숨을 내놓는다. 세월이 흘러 고등학생이 된 화림은 아직까지도 자신을 끊임없이 찾고 있는 진을 피해..",sun,1,sun,1,sat,sun,True,sun,일,sat,sun,14194247_sun,post_24h,어제 밤 10시 공개 이후 증가분 확인용 수집,70만,700000.0,https://series.naver.com/comic/detail.series?productNo=14194247,20260823_164303,sun,일,2026-08-23 16:43:03,2026-08-23,16:43:03,2026-08-23 16:57:20,2026-08-23 16:57:22,1.84,2026-08-23 16:57:22,2026-08-23,16:57:22,2026-08-23 16:58:52,949.06,True,20260822_164006,2026-08-22 16:46:26,69.4만,694000.0,6000.0,0.008645533141210375,2026-08-23 16:57:22
thu,29,같이 장볼래?,집손이,850928,https://comic.naver.com/webtoon/list?titleId=850928&tab=thu,14185733,같이 장볼래?,같이 장볼래? (총 10화/미완결),총 10화/미완결,10.0,미완결,,,https://series.naver.com/comic/detail.series?productNo=14185733,matched,ok,"같이 장볼래? (총 10화/미완결)
평점
10.0 | 집손이/이개 집손이/이개 | 2026.06.06. | 총10화/미완결 | 5화 무료
유통기한 임박 상품만 노리는 생활력 만렙 자취러 ‘양은’과, 모든 삶을 효율로 계산하는 미니멀리스트 ‘우석’. 1+1 딸기를 나눠산 그 날부터, 두 사람의 썸… 아니, 장보기가 시작된다!","thu,sun",2,"thu,sun",2,"wed,sat","thu,sun",True,sun,일,sat,sun,14185733_sun,post_24h,어제 밤 10시 공개 이후 증가분 확인용 수집,29.8만,298000.0,https://series.naver.com/comic/detail.series?productNo=14185733,20260823_164303,sun,일,2026-08-23 16:43:03,2026-08-23,16:43:03,2026-08-23 16:57:24,2026-08-23 16:57:26,1.97,2026-08-23 16:57:26,2026-08-23,16:57:26,2026-08-23 16:58:52,949.06,True,20260822_164006,2026-08-22 16:46:31,29.4만,294000.0,4000.0,0.013605442176870748,2026-08-23 16:57:26
thu,36,이레즈미 소개팅남,토깽이,850952,https://comic.naver.com/webtoon/list?titleId=850952&tab=thu,14190985,이레즈미 소개팅남,이레즈미 소개팅남 (총 10화/미완결),총 10화/미완결,10.0,미완결,,,https://series.naver.com/comic/detail.series?productNo=14190985,matched,ok,"이레즈미 소개팅남 (총 10화/미완결)
평점
10.0 | 토깽이 토깽이 | 2026.06.06. | 총10화/미완결 | 5화 무료
등장부터 심상치 않은 소개팅남이 나타났다!몸 이곳저곳에 보이는 문신이며 예상과 상식을 뛰어넘는 기상천외한 행동까지!소개팅으로 시작되는 두 남녀의 예측불가 유쾌발랄 로맨스","thu,sun",2,"thu,sun",2,"wed,sat","thu,sun",True,sun,일,sat,sun,14190985_sun,post_24h,어제 밤 10시 공개 이후 증가분 확인용 수집,18.1만,181000.0,https://series.naver.com/comic/detail.series?productNo=14190985,20260823_164303,sun,일,2026-08-23 16:43:03,2026-08-23,16:43:03,2026-08-23 16:57:27,2026-08-23 16:57:29,2.1,2026-08-23 16:57:29,2026-08-23,16:57:29,2026-08-23 16:58:52,949.06,True,20260822_164006,2026-08-22 16:46:34,18만,180000.0,1000.0,0.005555555555555556,2026-08-23 16:57:29
sun,83,중사의 드래곤,워티,851032,https://comic.naver.com/webtoon/list?titleId=851032&tab=sun,14208466,중사의 드래곤,중사의 드래곤 (총 7화/미완결),총 7화/미완결,7.0,미완결,워티 워티,평점 10.0 | 워티 워티 | 2026.06.20. | 총7화/미완결 | 2화 무료,https://series.naver.com/comic/detail.series?productNo=14208466,matched,ok,"중사의 드래곤 (총 7화/미완결)
평점
10.0 | 워티 워티 | 2026.06.20. | 총7화/미완결 | 2화 무료
이세계.[그린 드래곤, 오크 VS 골드 드래곤, 엘프]의 세력다툼이 한창이던 중,현대 전장의 전설 ‘이건 중사’가 강력한 마물 테이밍 능력을 가진 오크로 태어나게 된다.",sun,1,sun,1,sat,sun,True,sun,일,sat,sun,14208466_sun,post_24h,어제 밤 10시 공개 이후 증가분 확인용 수집,10.2만,102000.0,https://series.naver.com/comic/detail.series?productNo=14208466,20260823_164303,sun,일,2026-08-23 16:43:03,2026-08-23,16:43:03,2026-08-23 16:57:30,2026-08-23 16:57:33,2.71,2026-08-23 16:57:33,2026-08-23,16:57:33,2026-08-23 16:58:52,949.06,True,20260822_164006,2026-08-22 16:46:38,10.1만,101000.0,1000.0,0.009900990099009901,2026-08-23 16:57:33
sun,8,어린 아내와 나쁜 짓,,851385,https://comic.naver.com/webtoon/list?titleId=851385&tab=sun,14245757,어린 아내와 나쁜 짓,어린 아내와 나쁜 짓 (총 8화/미완결),총 8화/미완결,8.0,미완결,"이리와, 무멘 83","평점 9.9 | 이리와, 무멘 83 | 2026.06.13. | 총8화/미완결 | 2화 무료",https://series.naver.com/comic/detail.series?productNo=14245757,review_needed,not_found,"어린 아내와 나쁜 짓 (총 8화/미완결)
평점
9.9 | 이리와, 무멘 83 | 2026.06.13. | 총8화/미완결 | 2화 무료
절망의 끝에서 나를 구원해준 남자, 범도건.작고 지켜야할 애기님이라며 내 고백을 짓밞았던 그때와는 다르게...이 남자, 남편 역할을 해도 너무 잘한다.낮에는 세상 든든한 보호자이던 그가 밤만 되면 맹수처럼 집착하며 나를 ..",sun,1,sun,1,sat,sun,True,sun,일,sat,sun,14245757_sun,post_24h,어제 밤 10시 공개 이후 증가분 확인용 수집,,,https://nid.naver.com/nidlogin.login?svctype=128&a_version=2&viewtype=1&url=http%3A%2F%2Fseries.naver.com%2Fcomic%2Fdetail.series%3FproductNo%3D14245757&surl=https%3A%2F%2Fseries.naver.com,20260823_164303,sun,일,2026-08-23 16:43:03,2026-08-23,16:43:03,2026-08-23 16:57:35,2026-08-23 16:57:50,15.69,2026-08-23 16:57:50,2026-08-23,16:57:50,2026-08-23 16:58:52,949.06,True,20260822_164006,2026-08-22 16:46:55,,,,,2026-08-23 16:57:50
sun,51,밀실남녀,후,851705,https://comic.naver.com/webtoon/list?titleId=851705&tab=sun,14302972,밀실남녀,밀실남녀 (총 6화/미완결),총 6화/미완결,6.0,미완결,후 후,평점 10.0 | 후 후 | 2026.06.13. | 총6화/미완결 | 1화 무료,https://series.naver.com/comic/detail.series?productNo=14302972,matched,ok,"밀실남녀 (총 6화/미완결)
평점
10.0 | 후 후 | 2026.06.13. | 총6화/미완결 | 1화 무료
달라도 너무 다른 두 남녀, 오선율과 이로운.하지만 단둘이 있으면 무조건 갇히는 이상한 징크스가 있다.어떻게든 서로를 피하려 고군분투하지만...""대체 왜 자꾸 내 앞에 나타나는 건데?!""피하려 할수록 자꾸만 엮이는 두 사람의..",sun,1,sun,1,sat,sun,True,sun,일,sat,sun,14302972_sun,post_24h,어제 밤 10시 공개 이후 증가분 확인용 수집,35.7만,357000.0,https://series.naver.com/comic/detail.series?productNo=14302972,20260823_164303,sun,일,2026-08-23 16:43:03,2026-08-23,16:43:03,2026-08-23 16:57:52,2026-08-23 16:57:54,2.22,2026-08-23 16:57:54,2026-08-23,16:57:54,2026-08-23 16:58:52,949.06,True,20260822_164006,2026-08-22 16:46:59,35만,350000.0,7000.0,0.02,2026-08-23 16:57:54
sun,81,헤이트걸,나솔,851934,https://comic.naver.com/webtoon/list?titleId=851934&tab=sun,14351113,헤이트걸,헤이트걸 (총 7화/미완결),총 7화/미완결,7.0,미완결,나솔 나솔,평점 10.0 | 나솔 나솔 | 2026.06.20. | 총7화/미완결 | 1화 무료,https://series.naver.com/comic/detail.series?productNo=14351113,matched,ok,"헤이트걸 (총 7화/미완결)
평점
10.0 | 나솔 나솔 | 2026.06.20. | 총7화/미완결 | 1화 무료
짝사랑. 빌어먹을 황사 같은 감정. 미세먼지도 알고 마시는 것 처럼 짝사랑도 그렇다. 소꿉친구를 짝사랑한 지 5년하고 120일. 매일 숨 쉬듯이 차였지만 수능이 끝나는 날 반드시 고백하고 말겠다는 다짐을 한다. 그러던 어느날,..",sun,1,sun,1,sat,sun,True,sun,일,sat,sun,14351113_sun,post_24h,어제 밤 10시 공개 이후 증가분 확인용 수집,34.6만,346000.0,https://series.naver.com/comic/detail.series?productNo=14351113,20260823_164303,sun,일,2026-08-23 16:43:03,2026-08-23,16:43:03,2026-08-23 16:57:56,2026-08-23 16:57:58,2.47,2026-08-23 16:57:58,2026-08-23,16:57:58,2026-08-23 16:58:52,949.06,True,20260822_164006,2026-08-22 16:47:03,34.1만,341000.0,5000.0,0.01466275659824047,2026-08-23 16:57:58
sun,26,천도박멸,와나나,852078,https://comic.naver.com/webtoon/list?titleId=852078&tab=sun,14366783,천도박멸,천도박멸 (총 6화/미완결),총 6화/미완결,6.0,미완결,와나나 기연,평점 10.0 | 와나나 기연 | 2026.06.27. | 총6화/미완결 | 1화 무료,https://series.naver.com/comic/detail.series?productNo=14366783,matched,ok,"천도박멸 (총 6화/미완결)
평점
10.0 | 와나나 기연 | 2026.06.27. | 총6화/미완결 | 1화 무료
17세 고등학생 박태웅, 모종의 일로 죽음을 겪게 된 그의 앞에 펼쳐진 일들은 그의 인생의 판도를 뒤흔들어 놓는 굉장한 사건들이 된다.",sun,1,sun,1,sat,sun,True,sun,일,sat,sun,14366783_sun,post_24h,어제 밤 10시 공개 이후 증가분 확인용 수집,42.5만,425000.0,https://series.naver.com/comic/detail.series?productNo=14366783,20260823_164303,sun,일,2026-08-23 16:43:03,2026-08-23,16:43:03,2026-08-23 16:58:00,2026-08-23 16:58:02,2.56,2026-08-23 16:58:02,2026-08-23,16:58:02,2026-08-23 16:58:52,949.06,True,20260822_164006,2026-08-22 16:47:07,42.2만,422000.0,3000.0,0.0071090047393364926,2026-08-23 16:58:02
sun,59,남들 로판 여주 할 때 나는 장롱 괴물 됨,굿람,852333,https://comic.naver.com/webtoon/list?titleId=852333&tab=sun,14367200,남들 로판 여주 할 때 나는 장롱 괴물 됨 [독점],남들 로판 여주 할 때 나는 장롱 괴물 됨 [독점] (총 6화/미완결),총 6화/미완결,6.0,미완결,"굿람, 콩해리 서리","평점 10.0 | 굿람, 콩해리 서리 | 2026.07.04. | 총6화/미완결 | 1화 무료",https://series.naver.com/comic/detail.series?productNo=14367200,matched,ok,"남들 로판 여주 할 때 나는 장롱 괴물 됨 [독점] (총 6화/미완결)
평점
10.0 | 굿람, 콩해리 서리 | 2026.07.04. | 총6화/미완결 | 1화 무료
[매주 일요일 연재]남들은 예쁜 사람, 귀여운 동물에 빙의할 때나는 남주 방 장롱에 숨어 사는 음침한 괴물에 빙의했다.그것도 모자라 남주를 괴롭히는 못된 괴물.원작대로라면 불에 타 죽게 된다.그런데―“네 뿔은 장미보다 ..",sun,1,sun,1,sat,sun,True,sun,일,sat,sun,14367200_sun,post_24h,어제 밤 10시 공개 이후 증가분 확인용 수집,13.2만,132000.0,https://series.naver.com/comic/detail.series?productNo=14367200,20260823_164303,sun,일,2026-08-23 16:43:03,2026-08-23,16:43:03,2026-08-23 16:58:03,2026-08-23 16:58:05,2.05,2026-08-23 16:58:05,2026-08-23,16:58:05,2026-08-23 16:58:52,949.06,True,20260822_164006,2026-08-22 16:47:11,13만,130000.0,2000.0,0.015384615384615385,2026-08-23 16:58:05
sun,63,와인의 신,성혜,852403,https://comic.naver.com/webtoon/list?titleId=852403&tab=sun,14420436,와인의 신,와인의 신 (총 7화/미완결),총 7화/미완결,7.0,미완결,성혜 ELOJ,평점 8.4 | 성혜 ELOJ | 2026.07.11. | 총7화/미완결 | 1화 무료,https://series.naver.com/comic/detail.series?productNo=14420436,matched,ok,"와인의 신 (총 7화/미완결)
평점
8.4 | 성혜 ELOJ | 2026.07.11. | 총7화/미완결 | 1화 무료
인생의 허무함 속에 홀로 남겨졌던 농학박사 최우석.눈을 뜨니 캘리포니아 나파 밸리의 고교 시절로 돌아와 있었다!하지만 그를 맞이한 건 가뭄과 병충해로 파산해 버린 포도농장.이 절망적인 상황에서 우석은 이민자 지원 제..",sun,1,sun,1,sat,sun,True,sun,일,sat,sun,14420436_sun,post_24h,어제 밤 10시 공개 이후 증가분 확인용 수집,20.2만,202000.0,https://series.naver.com/comic/detail.series?productNo=14420436,20260823_164303,sun,일,2026-08-23 16:43:03,2026-08-23,16:43:03,2026-08-23 16:58:06,2026-08-23 16:58:09,2.66,2026-08-23 16:58:09,2026-08-23,16:58:09,2026-08-23 16:58:52,949.06,True,20260822_164006,2026-08-22 16:47:15,19.8만,198000.0,4000.0,0.020202020202020204,2026-08-23 16:58:09
thu,6,럭키비치,,852498,https://comic.naver.com/webtoon/list?titleId=852498&tab=thu,14424733,럭키비치,럭키비치 (총 8화/미완결),총 8화/미완결,8.0,미완결,"MAJOR, 약수 약수","평점 10.0 | MAJOR, 약수 약수 | 2026.07.18. | 총8화/미완결 | 3화 무료",https://series.naver.com/comic/detail.series?productNo=14424733,review_needed,not_found,"럭키비치 (총 8화/미완결)
평점
10.0 | MAJOR, 약수 약수 | 2026.07.18. | 총8화/미완결 | 3화 무료
“그거 알아? 기는 놈 위에 나는 썅X 있는 거?”불우한 환경과 폐쇄적인 바닷가 촌에서 자라온 소녀 '정임'은,그칠줄 모르는 주변의 부조리와 권태 속에서 결국 폭발,퇴폐업을 하는 고모의 불경한 쌈짓돈을 훔쳐 서울로 상경한..","thu,sun",2,"thu,sun",2,"wed,sat","thu,sun",True,sun,일,sat,sun,14424733_sun,post_24h,어제 밤 10시 공개 이후 증가분 확인용 수집,,,https://nid.naver.com/nidlogin.login?svctype=128&a_version=2&viewtype=1&url=http%3A%2F%2Fseries.naver.com%2Fcomic%2Fdetail.series%3FproductNo%3D14424733&surl=https%3A%2F%2Fseries.naver.com,20260823_164303,sun,일,2026-08-23 16:43:03,2026-08-23,16:43:03,2026-08-23 16:58:10,2026-08-23 16:58:25,14.28,2026-08-23 16:58:25,2026-08-23,16:58:25,2026-08-23 16:58:52,949.06,True,20260822_164006,2026-08-22 16:47:32,,,,,2026-08-23 16:58:25
sun,80,미래의 할 일,복슬,852611,https://comic.naver.com/webtoon/list?titleId=852611&tab=sun,14451336,미래의 할 일,미래의 할 일 (총 6화/미완결),총 6화/미완결,6.0,미완결,복슬 복슬,평점 10.0 | 복슬 복슬 | 2026.07.11. | 총6화/미완결 | 1화 무료,https://series.naver.com/comic/detail.series?productNo=14451336,matched,ok,"미래의 할 일 (총 6화/미완결)
평점
10.0 | 복슬 복슬 | 2026.07.11. | 총6화/미완결 | 1화 무료
새벽 4시 기상, 분 단위 계획표로 갓생을 사는 미래. 1분 1초도 허투루 보내지 않던 그녀의 일상에 계획에 없던 남자, 찬영이 끼어든다. 오직 지금에만 충실한 찬영으로 인해 미래의 계획은 자꾸만 흐트러지게 되는데... 미래는 ..",sun,1,sun,1,sat,sun,True,sun,일,sat,sun,14451336_sun,post_24h,어제 밤 10시 공개 이후 증가분 확인용 수집,1.3만,13000.0,https://series.naver.com/comic/detail.series?productNo=14451336,20260823_164303,sun,일,2026-08-23 16:43:03,2026-08-23,16:43:03,2026-08-23 16:58:26,2026-08-23 16:58:29,2.5,2026-08-23 16:58:29,2026-08-23,16:58:29,2026-08-23 16:58:52,949.06,True,20260822_164006,2026-08-22 16:47:35,1.3만,13000.0,0.0,0.0,2026-08-23 16:58:29
sun,6,인간의 식탁,김규삼,852761,https://comic.naver.com/webtoon/list?titleId=852761&tab=sun,14461172,인간의 식탁,인간의 식탁 (총 7화/미완결),총 7화/미완결,7.0,미완결,김규삼 김규삼,평점 9.0 | 김규삼 김규삼 | 2026.07.18. | 총7화/미완결 | 1화 무료,https://series.naver.com/comic/detail.series?productNo=14461172,matched,ok,"인간의 식탁 (총 7화/미완결)
평점
9.0 | 김규삼 김규삼 | 2026.07.18. | 총7화/미완결 | 1화 무료
망망대해에 홀로 떠 있는 해상원자력발전소 ‘레비아탄 호’.안전점검을 위해 이곳을 방문한 윤호와 회사 동료들은 의문의 폭발사고와 함께 외부와의 통신이 끊긴 채 고립된다.그러나 폭발은 시작에 불과했다. 원자로의 연기 ..",sun,1,sun,1,sat,sun,True,sun,일,sat,sun,14461172_sun,post_24h,어제 밤 10시 공개 이후 증가분 확인용 수집,31.4만,314000.0,https://series.naver.com/comic/detail.series?productNo=14461172,20260823_164303,sun,일,2026-08-23 16:43:03,2026-08-23,16:43:03,2026-08-23 16:58:30,2026-08-23 16:58:32,2.31,2026-08-23 16:58:32,2026-08-23,16:58:32,2026-08-23 16:58:52,949.06,True,20260822_164006,2026-08-22 16:47:40,30.9만,309000.0,5000.0,0.016181229773462782,2026-08-23 16:58:32
sun,9,프롤로그에서 30년이 흘렀다,기린그린,852765,https://comic.naver.com/webtoon/list?titleId=852765&tab=sun,14395909,프롤로그에서 30년이 흘렀다,프롤로그에서 30년이 흘렀다 (총 8화/미완결),총 8화/미완결,8.0,미완결,맠엘라하 기린그린,평점 9.4 | 맠엘라하 기린그린 | 2026.07.25. | 총8화/미완결 | 2화 무료,https://series.naver.com/comic/detail.series?productNo=14395909,matched,ok,"프롤로그에서 30년이 흘렀다 (총 8화/미완결)
평점
9.4 | 맠엘라하 기린그린 | 2026.07.25. | 총8화/미완결 | 2화 무료
처음 보는 세계에 ‘빙의’했다.왕도 RPG라고 생각하고 30년을 보냈다.전쟁영웅이 되어 퇴역했고, 이제 엔딩을 맞이할 예정이었다.그런데ㅡ지금까지의 30년이 프롤로그였고, 심지어 아카데미물이었다고?",sun,1,sun,1,sat,sun,True,sun,일,sat,sun,14395909_sun,post_24h,어제 밤 10시 공개 이후 증가분 확인용 수집,81.6만,816000.0,https://series.naver.com/comic/detail.series?productNo=14395909,20260823_164303,sun,일,2026-08-23 16:43:03,2026-08-23,16:43:03,2026-08-23 16:58:34,2026-08-23 16:58:36,2.2,2026-08-23 16:58:36,2026-08-23,16:58:36,2026-08-23 16:58:52,949.06,True,20260822_164006,2026-08-22 16:47:43,79.8만,798000.0,18000.0,0.022556390977443608,2026-08-23 16:58:36
sun,46,살인 알고리즘,삼수,853270,https://comic.naver.com/webtoon/list?titleId=853270&tab=sun,14531655,살인 알고리즘,살인 알고리즘 (총 6화/미완결),총 6화/미완결,6.0,미완결,삼수,평점 8.2 | 삼수 | 2026.08.01. | 총6화/미완결 | 1화 무료,https://series.naver.com/comic/detail.series?productNo=14531655,matched,ok,"살인 알고리즘 (총 6화/미완결)
평점
8.2 | 삼수 | 2026.08.01. | 총6화/미완결 | 1화 무료
착하면 호구가 되는 세상, 언제까지 참고 살아야 할까?남들에게 이용만 당하던 호구 정이영. 그가 평범한 삶을 되찾기 위해 몸부림 친다.그의 든든한 비서, 챗AI 아이코와 함께.",sun,1,sun,1,sat,sun,True,sun,일,sat,sun,14531655_sun,post_24h,어제 밤 10시 공개 이후 증가분 확인용 수집,3.2만,32000.0,https://series.naver.com/comic/detail.series?productNo=14531655,20260823_164303,sun,일,2026-08-23 16:43:03,2026-08-23,16:43:03,2026-08-23 16:58:37,2026-08-23 16:58:39,2.23,2026-08-23 16:58:39,2026-08-23,16:58:39,2026-08-23 16:58:52,949.06,True,20260822_164006,2026-08-22 16:47:47,3.1만,31000.0,1000.0,0.03225806451612903,2026-08-23 16:58:39
sun,65,리히트,용과,853411,https://comic.naver.com/webtoon/list?titleId=853411&tab=sun,14548342,리히트,리히트 (총 6화/미완결),총 6화/미완결,6.0,미완결,용과,평점 10.0 | 용과 | 2026.08.08. | 총6화/미완결 | 1화 무료,https://series.naver.com/comic/detail.series?productNo=14548342,matched,ok,"리히트 (총 6화/미완결)
평점
10.0 | 용과 | 2026.08.08. | 총6화/미완결 | 1화 무료
용이 사라지고 1000년이 지난 세상. 성년식 전날 밤, 괴한의 습격으로 동생을 잃은 소녀 리트는 죽은 동생을 살려내기 위한 모험을 떠난다.",sun,1,sun,1,sat,sun,True,sun,일,sat,sun,14548342_sun,post_24h,어제 밤 10시 공개 이후 증가분 확인용 수집,1.9만,19000.0,https://series.naver.com/comic/detail.series?productNo=14548342,20260823_164303,sun,일,2026-08-23 16:43:03,2026-08-23,16:43:03,2026-08-23 16:58:41,2026-08-23 16:58:43,2.26,2026-08-23 16:58:43,2026-08-23,16:58:43,2026-08-23 16:58:52,949.06,True,20260822_164006,2026-08-22 16:47:50,1.8만,18000.0,1000.0,0.05555555555555555,2026-08-23 16:58:43
sun,86,악몽무당,공현곤,853837,https://comic.naver.com/webtoon/list?titleId=853837&tab=sun,14591242,악몽무당,악몽무당 (총 7화/미완결),총 7화/미완결,7.0,미완결,공현곤 공현곤,평점 10.0 | 공현곤 공현곤 | 2026.08.15. | 총7화/미완결 | 2화 무료,https://series.naver.com/comic/detail.series?productNo=14591242,matched,ok,"악몽무당 (총 7화/미완결)
평점
10.0 | 공현곤 공현곤 | 2026.08.15. | 총7화/미완결 | 2화 무료
대한민국 최고의 무당 범구는 그가 모시는 무영장군신의 죽음으로 한순간에 나락에 떨어진다. 신을 부활시킬 방법은 단 하나, “무당이여! 살인사건 트라우마로 들어가 악귀를 처단하라.” 최악의 피해자들을 구원함으로써, 무..",sun,1,sun,1,sat,sun,True,sun,일,sat,sun,14591242_sun,post_24h,어제 밤 10시 공개 이후 증가분 확인용 수집,7.3천,7300.0,https://series.naver.com/comic/detail.series?productNo=14591242,20260823_164303,sun,일,2026-08-23 16:43:03,2026-08-23,16:43:03,2026-08-23 16:58:45,2026-08-23 16:58:47,2.59,2026-08-23 16:58:47,2026-08-23,16:58:47,2026-08-23 16:58:52,949.06,True,20260822_164006,2026-08-22 16:47:54,6.2천,6200.0,1100.0,0.1774193548387097,2026-08-23 16:58:47
sun,92,악녀의 시집살이는 즐겁다,최무탁,853972,https://comic.naver.com/webtoon/list?titleId=853972&tab=sun,14610275,악녀의 시집살이는 즐겁다 [독점],악녀의 시집살이는 즐겁다 [독점] (총 6화/미완결),총 6화/미완결,6.0,미완결,"최무탁, 준예 GIM","평점 9.5 | 최무탁, 준예 GIM | 2026.08.15. | 총6화/미완결 | 1화 무료",https://series.naver.com/comic/detail.series?productNo=14610275,matched,ok,"악녀의 시집살이는 즐겁다 [독점] (총 6화/미완결)
평점
9.5 | 최무탁, 준예 GIM | 2026.08.15. | 총6화/미완결 | 1화 무료
사랑 하나만 믿고 시댁살이를 견딘 ‘에시카’.그러나 남편은 자신의 친구와 부정을 저지르고,큰 사고까지 당하는 과정에서 전생의 기억을 떠올린다.그녀는 바로 악녀 ‘천영령’이었고, 이곳은 책속 세상이었다는 것.자신의 ..",sun,1,sun,1,sat,sun,True,sun,일,sat,sun,14610275_sun,post_24h,어제 밤 10시 공개 이후 증가분 확인용 수집,3.1만,31000.0,https://series.naver.com/comic/detail.series?productNo=14610275,20260823_164303,sun,일,2026-08-23 16:43:03,2026-08-23,16:43:03,2026-08-23 16:58:48,2026-08-23 16:58:50,1.89,2026-08-23 16:58:50,2026-08-23,16:58:50,2026-08-23 16:58:52,949.06,True,20260822_164006,2026-08-22 16:47:58,2.7만,27000.0,4000.0,0.14814814814814814,2026-08-23 16:58:50
