weekday,weekday_ko,rank,webtoon_title,webtoon_url,webtoon_title_id,collected_at_kst,webtoon_author,adult_or_login_required,author_collect_status,serial_weekday_text,serial_weekdays,weekday_list,series_search_rank,series_title,series_title_raw,series_episode_info,series_total_episode_count,series_completion_status,series_author,series_author_raw,series_url,series_product_no,series_result_text,is_compilation,has_total_episode_info,match_score,match_reason,match_status,selected_rule,checked_candidate_count,series_download_text,series_download_count,download_status,mapping_source,needs_series_recheck
mon,월,34,무신급 막내가 되었다,https://comic.naver.com/webtoon/list?titleId=855342&tab=mon,855342,2026-10-05 13:35:33,레블스튜디오,False,ok,연재,mon,mon,,,,,,,,,,,,,,,,,,,,,,needs_series_search,True
mon,월,46,2026 루키 단편선,https://comic.naver.com/webtoon/list?titleId=853869&tab=mon,853869,2026-10-05 13:35:33,네이버웹툰,False,ok,"월, 수, 목, 일 연재","mon,wed,thu,sun","mon,wed,thu,sun",,,,,,,,,,,,False,False,0,,no_result,no_result,0,,,no_result,needs_series_search,True
mon,월,69,함부로 친절하지 말라,https://comic.naver.com/webtoon/list?titleId=821095&tab=mon,821095,2026-10-05 13:35:34,아린,False,ok,연재,mon,mon,,,,,,,,,,,,,,,,,,,,,,needs_series_search,True
mon,월,71,박수진과 백서정,https://comic.naver.com/webtoon/list?titleId=854592&tab=mon,854592,2026-10-05 13:35:34,옹방,False,ok,연재,mon,mon,,,,,,,,,,,,,,,,,,,,,,needs_series_search,True
mon,월,73,남4친,https://comic.naver.com/webtoon/list?titleId=841069&tab=mon,841069,2026-10-05 13:35:34,올챙구리,False,ok,연재,mon,mon,,,,,,,,,,,,,,,,,,,,,,needs_series_search,True
mon,월,75,기생번식,https://comic.naver.com/webtoon/list?titleId=845885&tab=mon,845885,2026-10-05 13:35:34,바쉬,False,ok,연재,mon,mon,,,,,,,,,,,,,,,,,,,,,,needs_series_search,True
mon,월,77,제국 최고의 악녀를 사랑하게 되었습니다,https://comic.naver.com/webtoon/list?titleId=833908&tab=mon,833908,2026-10-05 13:35:34,아지,False,ok,연재,mon,mon,,,,,,,,,,,,,,,,,,,,,,needs_series_search,True
mon,월,78,머저리 M수생,https://comic.naver.com/webtoon/list?titleId=845214&tab=mon,845214,2026-10-05 13:35:34,규정,False,ok,연재,mon,mon,,,,,,,,,,,,,,,,,,,,,,needs_series_search,True
mon,월,79,모솔대첩,https://comic.naver.com/webtoon/list?titleId=833596&tab=mon,833596,2026-10-05 13:35:35,진자,False,ok,연재,mon,mon,,,,,,,,,,,,,,,,,,,,,,needs_series_search,True
mon,월,80,양심과외,https://comic.naver.com/webtoon/list?titleId=847903&tab=mon,847903,2026-10-05 13:35:35,리나,False,ok,연재,mon,mon,,,,,,,,,,,,,,,,,,,,,,needs_series_search,True
mon,월,81,꽃과 재,https://comic.naver.com/webtoon/list?titleId=848711&tab=mon,848711,2026-10-05 13:35:35,우루,False,ok,연재,mon,mon,,,,,,,,,,,,,,,,,,,,,,needs_series_search,True
mon,월,82,Lv.99 흑염의 프린세스,https://comic.naver.com/webtoon/list?titleId=838075&tab=mon,838075,2026-10-05 13:35:35,YDR,False,ok,연재,mon,mon,,,,,,,,,,,,,,,,,,,,,,needs_series_search,True
mon,월,83,마왕의 빛나는 별,https://comic.naver.com/webtoon/list?titleId=843072&tab=mon,843072,2026-10-05 13:35:35,이잉간,False,ok,연재,mon,mon,,,,,,,,,,,,,,,,,,,,,,needs_series_search,True
mon,월,84,NPC를 죽였다,https://comic.naver.com/webtoon/list?titleId=846079&tab=mon,846079,2026-10-05 13:35:35,무공,False,ok,연재,mon,mon,,,,,,,,,,,,,,,,,,,,,,needs_series_search,True
mon,월,85,언스탯,https://comic.naver.com/webtoon/list?titleId=846057&tab=mon,846057,2026-10-05 13:35:35,쏜,False,ok,연재,mon,mon,,,,,,,,,,,,,,,,,,,,,,needs_series_search,True
mon,월,86,어떻게 용사 이름이 아아아아,https://comic.naver.com/webtoon/list?titleId=842370&tab=mon,842370,2026-10-05 13:35:35,알그,False,ok,연재,mon,mon,,,,,,,,,,,,,,,,,,,,,,needs_series_search,True
mon,월,87,사랑해줄까?,https://comic.naver.com/webtoon/list?titleId=854423&tab=mon,854423,2026-10-05 13:35:35,히히,False,ok,연재,mon,mon,,,,,,,,,,,,,,,,,,,,,,needs_series_search,True
mon,월,89,누가 죄인인가,https://comic.naver.com/webtoon/list?titleId=846782&tab=mon,846782,2026-10-05 13:35:35,,True,login_or_adult_required,,mon,mon,,,,,,,,,,,,,,,,,,,,,,needs_series_search,True
mon,월,90,헤어져서 팝니다,https://comic.naver.com/webtoon/list?titleId=850709&tab=mon,850709,2026-10-05 13:35:35,헛둘,False,ok,연재,mon,mon,,,,,,,,,,,,,,,,,,,,,,needs_series_search,True
mon,월,91,기로의 밤,https://comic.naver.com/webtoon/list?titleId=853687&tab=mon,853687,2026-10-05 13:35:35,DOCI,False,ok,연재,mon,mon,,,,,,,,,,,,,,,,,,,,,,needs_series_search,True
mon,월,92,채널명 : 구찬지아,https://comic.naver.com/webtoon/list?titleId=841486&tab=mon,841486,2026-10-05 13:35:35,김기현,False,ok,연재,mon,mon,,,,,,,,,,,,,,,,,,,,,,needs_series_search,True
mon,월,93,마귀공주,https://comic.naver.com/webtoon/list?titleId=852115&tab=mon,852115,2026-10-05 13:35:35,햄스터빵디,False,ok,연재,mon,mon,,,,,,,,,,,,,,,,,,,,,,needs_series_search,True
mon,월,94,나의 보이소프렌드,https://comic.naver.com/webtoon/list?titleId=819698&tab=mon,819698,2026-10-05 13:35:35,망공이,False,ok,연재,mon,mon,,,,,,,,,,,,,,,,,,,,,,needs_series_search,True
mon,월,95,게임마스터,https://comic.naver.com/webtoon/list?titleId=832104&tab=mon,832104,2026-10-05 13:35:35,둥치,False,ok,연재,mon,mon,,,,,,,,,,,,,,,,,,,,,,needs_series_search,True
mon,월,96,불완전한 이혼의 결말,https://comic.naver.com/webtoon/list?titleId=838556&tab=mon,838556,2026-10-05 13:35:35,진원,False,ok,연재,mon,mon,,,,,,,,,,,,,,,,,,,,,,needs_series_search,True
mon,월,97,프로젝트 마르스,https://comic.naver.com/webtoon/list?titleId=837999&tab=mon,837999,2026-10-05 13:35:35,영주,False,ok,연재,mon,mon,,,,,,,,,,,,,,,,,,,,,,needs_series_search,True
mon,월,98,코너트 성 집사로 살아남기,https://comic.naver.com/webtoon/list?titleId=844064&tab=mon,844064,2026-10-05 13:35:35,LICO,False,ok,연재,mon,mon,,,,,,,,,,,,,,,,,,,,,,needs_series_search,True
mon,월,99,너의 완두콩을 먹고 싶어!,https://comic.naver.com/webtoon/list?titleId=839082&tab=mon,839082,2026-10-05 13:35:35,니소라스,False,ok,연재,mon,mon,,,,,,,,,,,,,,,,,,,,,,needs_series_search,True
mon,월,100,공주는 헬스장에 간다,https://comic.naver.com/webtoon/list?titleId=852173&tab=mon,852173,2026-10-05 13:35:35,콕,False,ok,연재,mon,mon,,,,,,,,,,,,,,,,,,,,,,needs_series_search,True
mon,월,101,네 앞에서만 부끄러운 나는,https://comic.naver.com/webtoon/list?titleId=845496&tab=mon,845496,2026-10-05 13:35:35,김현아,False,ok,연재,mon,mon,,,,,,,,,,,,,,,,,,,,,,needs_series_search,True
mon,월,102,"28, 청춘!",https://comic.naver.com/webtoon/list?titleId=853838&tab=mon,853838,2026-10-05 13:35:35,이나라,False,ok,연재,mon,mon,,,,,,,,,,,,,,,,,,,,,,needs_series_search,True
mon,월,103,뻐꾸기는 운다,https://comic.naver.com/webtoon/list?titleId=850661&tab=mon,850661,2026-10-05 13:35:35,진요,False,ok,연재,mon,mon,,,,,,,,,,,,,,,,,,,,,,needs_series_search,True
mon,월,104,한국에서 히어로 하기 힘들더라,https://comic.naver.com/webtoon/list?titleId=829666&tab=mon,829666,2026-10-05 13:35:35,이해력,False,ok,연재,mon,mon,,,,,,,,,,,,,,,,,,,,,,needs_series_search,True
mon,월,105,아직 제목 없음,https://comic.naver.com/webtoon/list?titleId=831547&tab=mon,831547,2026-10-05 13:35:35,주영현,False,ok,연재,mon,mon,,,,,,,,,,,,,,,,,,,,,,needs_series_search,True
mon,월,106,주희의 주위,https://comic.naver.com/webtoon/list?titleId=849058&tab=mon,849058,2026-10-05 13:35:35,G5,False,ok,연재,mon,mon,,,,,,,,,,,,,,,,,,,,,,needs_series_search,True
mon,월,107,솔로스쿨,https://comic.naver.com/webtoon/list?titleId=824208&tab=mon,824208,2026-10-05 13:35:35,랑쓰,False,ok,연재,mon,mon,,,,,,,,,,,,,,,,,,,,,,needs_series_search,True
mon,월,108,비터사이드 크렌베리스,https://comic.naver.com/webtoon/list?titleId=841755&tab=mon,841755,2026-10-05 13:35:35,챠콜,False,ok,연재,mon,mon,,,,,,,,,,,,,,,,,,,,,,needs_series_search,True
mon,월,109,달로 만든 아이,https://comic.naver.com/webtoon/list?titleId=784107&tab=mon,784107,2026-10-05 13:35:35,온윤,False,ok,연재,mon,mon,,,,,,,,,,,,,,,,,,,,,,needs_series_search,True
mon,월,110,킬링가드,https://comic.naver.com/webtoon/list?titleId=853116&tab=mon,853116,2026-10-05 13:35:35,이제환,False,ok,연재,mon,mon,,,,,,,,,,,,,,,,,,,,,,needs_series_search,True
mon,월,111,부활성녀,https://comic.naver.com/webtoon/list?titleId=853115&tab=mon,853115,2026-10-05 13:35:35,사리앵,False,ok,연재,mon,mon,,,,,,,,,,,,,,,,,,,,,,needs_series_search,True
mon,월,112,반도대탈출,https://comic.naver.com/webtoon/list?titleId=851869&tab=mon,851869,2026-10-05 13:35:36,카시모프,False,ok,연재,mon,mon,,,,,,,,,,,,,,,,,,,,,,needs_series_search,True
mon,월,113,귀신이 곡할 노릇,https://comic.naver.com/webtoon/list?titleId=849480&tab=mon,849480,2026-10-05 13:35:36,배아령,False,ok,연재,mon,mon,,,,,,,,,,,,,,,,,,,,,,needs_series_search,True
mon,월,114,데빌 캐피탈,https://comic.naver.com/webtoon/list?titleId=846866&tab=mon,846866,2026-10-05 13:35:36,정민용,False,ok,연재,mon,mon,,,,,,,,,,,,,,,,,,,,,,needs_series_search,True
mon,월,115,웅녀님이 보우하사,https://comic.naver.com/webtoon/list?titleId=842322&tab=mon,842322,2026-10-05 13:35:36,영파카,False,ok,연재,mon,mon,,,,,,,,,,,,,,,,,,,,,,needs_series_search,True
mon,월,116,철이 없어서 그래,https://comic.naver.com/webtoon/list?titleId=847435&tab=mon,847435,2026-10-05 13:35:36,심도수,False,ok,연재,mon,mon,,,,,,,,,,,,,,,,,,,,,,needs_series_search,True
mon,월,117,슬로우 다이브,https://comic.naver.com/webtoon/list?titleId=839087&tab=mon,839087,2026-10-05 13:35:36,고다,False,ok,연재,mon,mon,,,,,,,,,,,,,,,,,,,,,,needs_series_search,True
mon,월,118,좋아하면 닮는댔어,https://comic.naver.com/webtoon/list?titleId=842184&tab=mon,842184,2026-10-05 13:35:36,문주,False,ok,연재,mon,mon,,,,,,,,,,,,,,,,,,,,,,needs_series_search,True
mon,월,119,유체를 이탈하였습니다,https://comic.naver.com/webtoon/list?titleId=851839&tab=mon,851839,2026-10-05 13:35:36,이슬,False,ok,연재,mon,mon,,,,,,,,,,,,,,,,,,,,,,needs_series_search,True
mon,월,120,인생도 도네가 되나요,https://comic.naver.com/webtoon/list?titleId=855297&tab=mon,855297,2026-10-05 13:35:36,깜돌,False,ok,연재,mon,mon,,,,,,,,,,,,,,,,,,,,,,needs_series_search,True
mon,월,121,미친 도련님은 일상이 계략,https://comic.naver.com/webtoon/list?titleId=855298&tab=mon,855298,2026-10-05 13:35:36,배조,False,ok,연재,mon,mon,,,,,,,,,,,,,,,,,,,,,,needs_series_search,True
tue,화,54,표현이 서툰 여자애,https://comic.naver.com/webtoon/list?titleId=855294&tab=tue,855294,2026-10-05 13:35:37,게게겍,False,ok,연재,tue,tue,,,,,,,,,,,,,,,,,,,,,,needs_series_search,True
tue,화,84,맞불결혼,https://comic.naver.com/webtoon/list?titleId=855152&tab=tue,855152,2026-10-05 13:35:38,LICO,False,ok,연재,tue,tue,,,,,,,,,,,,,,,,,,,,,,needs_series_search,True
wed,수,33,드래곤 여친이 귀환했다,https://comic.naver.com/webtoon/list?titleId=855153&tab=wed,855153,2026-10-05 13:35:40,LICO,False,ok,연재,wed,wed,,,,,,,,,,,,,,,,,,,,,,needs_series_search,True
wed,수,41,2026 루키 단편선,https://comic.naver.com/webtoon/list?titleId=853869&tab=wed,853869,2026-10-05 13:35:40,네이버웹툰,False,ok,"월, 수, 목, 일 연재","mon,wed,thu,sun","mon,wed,thu,sun",,,,,,,,,,,,False,False,0,,no_result,no_result,0,,,no_result,needs_series_search,True
wed,수,73,남자친구의 결혼식,https://comic.naver.com/webtoon/list?titleId=855391&tab=wed,855391,2026-10-05 13:35:41,비티,False,ok,연재,wed,wed,,,,,,,,,,,,,,,,,,,,,,needs_series_search,True
wed,수,112,S급 공무수행에 협조 부탁드립니다,https://comic.naver.com/webtoon/list?titleId=843070&tab=wed,843070,2026-10-05 13:35:42,마귀,False,ok,연재,wed,wed,,,,,,,,,,,,,,,,,,,,,,needs_series_search,True
thu,목,43,2026 루키 단편선,https://comic.naver.com/webtoon/list?titleId=853869&tab=thu,853869,2026-10-05 13:35:44,네이버웹툰,False,ok,"월, 수, 목, 일 연재","mon,wed,thu,sun","mon,wed,thu,sun",,,,,,,,,,,,False,False,0,,no_result,no_result,0,,,no_result,needs_series_search,True
thu,목,53,새벽인력,https://comic.naver.com/webtoon/list?titleId=853096&tab=thu,853096,2026-10-05 13:35:44,김주현,False,ok,연재,thu,thu,,,,,,,,,,,,,,,,,,,,,,needs_series_search,True
thu,목,70,공허의 절대적 미학,https://comic.naver.com/webtoon/list?titleId=855162&tab=thu,855162,2026-10-05 13:35:45,,True,login_or_adult_required,,thu,thu,,,,,,,,,,,,,,,,,,,,,,needs_series_search,True
fri,금,43,발모광마,https://comic.naver.com/webtoon/list?titleId=855573&tab=fri,855573,2026-10-05 13:35:47,이건,False,ok,연재,fri,fri,,,,,,,,,,,,,,,,,,,,,,needs_series_search,True
fri,금,49,용도의 차이,https://comic.naver.com/webtoon/list?titleId=855632&tab=fri,855632,2026-10-05 13:35:48,,True,login_or_adult_required,,fri,fri,,,,,,,,,,,,,,,,,,,,,,needs_series_search,True
fri,금,52,천중용문,https://comic.naver.com/webtoon/list?titleId=835116&tab=fri,835116,2026-10-05 13:35:48,군주,False,ok,연재,fri,fri,,,,,,,,,,,,,,,,,,,,,,needs_series_search,True
fri,금,121,재입대만 7번째,https://comic.naver.com/webtoon/list?titleId=837665&tab=fri,837665,2026-10-05 13:35:50,이진수,False,ok,연재,fri,fri,,,,,,,,,,,,,,,,,,,,,,needs_series_search,True
sat,토,43,작전명 순정,https://comic.naver.com/webtoon/list?titleId=793275&tab=sat,793275,2026-10-05 13:35:51,꼬까리,False,ok,연재,sat,sat,,,,,,,,,,,,,,,,,,,,,,needs_series_search,True
sat,토,75,호감도로 스킬 복사!,https://comic.naver.com/webtoon/list?titleId=855599&tab=sat,855599,2026-10-05 13:35:52,지대공마법소년,False,ok,연재,sat,sat,,,,,,,,,,,,,,,,,,,,,,needs_series_search,True
sun,일,44,2026 루키 단편선,https://comic.naver.com/webtoon/list?titleId=853869&tab=sun,853869,2026-10-05 13:35:55,네이버웹툰,False,ok,"월, 수, 목, 일 연재","mon,wed,thu,sun","mon,wed,thu,sun",,,,,,,,,,,,False,False,0,,no_result,no_result,0,,,no_result,needs_series_search,True
sun,일,63,적귀,https://comic.naver.com/webtoon/list?titleId=855665&tab=sun,855665,2026-10-05 13:35:56,,True,login_or_adult_required,,sun,sun,,,,,,,,,,,,,,,,,,,,,,needs_series_search,True
sun,일,88,극야 : 애프터폴,https://comic.naver.com/webtoon/list?titleId=792694&tab=sun,792694,2026-10-05 13:35:57,운,False,ok,연재,sun,sun,,,,,,,,,,,,,,,,,,,,,,needs_series_search,True
sun,일,103,다 해 주는 오빠,https://comic.naver.com/webtoon/list?titleId=855385&tab=sun,855385,2026-10-05 13:35:57,라뇽,False,ok,연재,sun,sun,,,,,,,,,,,,,,,,,,,,,,needs_series_search,True
sun,일,110,Mickey x F1 정상을 향한 질주,https://comic.naver.com/webtoon/list?titleId=849113&tab=sun,849113,2026-10-05 13:35:57,Brandon Chen,False,ok,연재,sun,sun,,,,,,,,,,,,False,False,0,,no_result,no_result,0,,,no_result,needs_series_search,True
